0304b,0.95303390794945,1.07862283497312,0.936055400535241,1.06180699001359,1.05914619723576,1.00302874765752,0.975610018079748,0.94311451154029,0.979335472086012,0.0131007015610319,0.99531115826,0.926091449097453,1.0108713152642,0.978435002463522,0.9859590173634,0.917468541474419,1.07198104911289,0.969324182779597,1.03919442482788,0.967800972943567,1.01891576859277,0.998324980590384,0.948149004355868,1.08744428983446,0.908019514078156,0.966613742402721,0.991374674866925,0.948260338692697,1.02238006976588,0.934931205057072,1.01985256155393,0.143341062393552,1.01283225396486,0.947647746495743,0.884045203207895,0.958996249562572,1.03569708362948,0.941500869020527,0.860914074645451,0.972488746397487,0.952826090032063,0.949958537443095,0.994269454160578,0.862901160819891,0.973382619122947,1.01541374605643,0.945227179607215,0.689821651027503,0.951864806594411,0.946515486259399,1.00020424768442,0.991494290882896,1.04968306279087,0.950930809846733,1.00969114299626,0.614841043026483,0.834435675841027,0.940198954556292,0.84422918017391,0.988178126106096,0.949234812483381,1.00422708825694,0.917732124449669,0.988208325095081,1.039241940333,0.975422366147187,1.03686759568667,1.02048854588955,0.968169873413069,0.959588020215416,1.00457308309825,0.977004013445779,0.958304126482277,1.05243148899211,0.870552741854606,0.996619657510475,0.744903540449082,0.916832330432169,0.930662802941277,0.89133455944812,0.895973759399916,0.944790340016176,0.90622366287617,0.973399175119277,0.602279902422069,1.04171476742355,0.913510471063784,0.76623669165472,0.923037566834903,0.97374143059243,1.00971165333779,0.961874112756057,1.05073819055539,1.05320510961392,0.949923043351024,1.03352922837563,0.992483524486332,0.995941581803541,0.967658050677262,0.93461269788038,0.966345425972212,0.884158039721417,0.928576268892405,0.934414807840848,0.953738246040123,1.0138773452629,0.948191279902574,1.06377698534085,1.05532479685002,0.986823877057378,1.08580683915637,0.865791188829368,1.02279098505642,0.925494175437993,0.839140329068503,0.92792438677699,0.95264338863986,0.978683418069113,0.963044747676371,0.987074182979451,0.950004104401818,0.922886774221816,1.06788404579055,1.00093765007438,0.93854941354685,0.923754718789403,1.12224200431809,0.976463861075789,0.959583024524883,0.96665592302497,0.957671685206281,0.0710633416312519,0,0.903629904171171,1.00419138431634,0.934192552158305,0.985740981047347,0.984250292317037,1.05110394912159,0.89356450988036,1.01887196956549,0.957742031305078,0.985071790405108,0.969386293598871,1.01397041985556,1.01544441492727,0.981271609363814,1.0192791887953,0.983752868632035,0.968395448700933,0.964458477870325,1.01763769822869,0.913528670877783,0.98279396310108,0.919995333796922,0.997047073084144,0.96171490447538,0.927937893041216,0.914515295767475,1.00408789512034,1.1044793100819,0.76631226409234,0.999289365080154,0.960011024397731,0.89115090462994,1.00463063568395,0.774794764867919,0.915511009507615,1.04564575516827,0.908361984375813,0.981421032487999,0.99638579541762,0.946207441767459,0.949166866978163,0.876406409185779,1.02137457684131,1.02236767310803,1.10001039897241,0.988609582808989,0.972192303115963,1.0080436536595,0.930724414183191,1.03720424249148,1.05103221952478,0.956462107214751
06fbf,0.964108506851453,0.957523769610981,1.01697826165318,1.05724402055054,0.828044312556057,0.9536215814449,0.838952193801789,0.944035747088769,0.75573625517839,0.986843348188551,1.06003066939928,1.10537828151823,1.07466414582661,0.980726067485148,0.962649904287586,0.917222006439873,0.855831536236385,1.01876886951038,1.01069379501204,0.846829437001965,0.9515903569113,0.965252185133739,0.981911289504152,1.00900335246466,0.938177514893637,0.857971681656891,1.00523967305692,1.02372956460666,0.965341312748095,1.06172719938535,1.04369683699695,0.994815743964392,1.05988079166844,1.0136256549008,0.486356104393645,1.04991173294863,1.02554483777487,0.938414051703361,0.863003229548282,1.0051530926663,0.875888226816475,0.615728938138697,1.06729612964978,1.08337839310486,0.982653878770898,0.888013679931033,0.994363138451512,0.879738850119062,1.01871444899342,0.78678378200307,0.974028691293783,1.05262057569179,1.050308072482,0.910883150210047,0.960356790354901,0.923662150231099,1.0225165124238,0.992190536367306,0.593654959730328,0.767873565733188,1.05292654987468,0.911478548433326,1.08913517269209,0.998838281724002,0.870756506974835,0.932149941601292,0.929563585734631,1.02129514241116,0.903167162365325,1.0678275898672,1.00386173083083,1.07878491244273,1.09659459350879,0.965465263640483,1.02176232470415,0.777442725282216,1.08147692895887,0.733934260398627,0.533371825055523,1.0070228729523,1.04416139833015,0.928641785081379,1.13863746918279,0.944483182461501,0.897053958608011,1.06098242831373,0.920980197747098,0.781130147760312,0.860494390381913,1.01216975679434,0.988869933810832,1.02347122391486,1.05514752035732,0.939847911130182,0.493755627997008,1.00363917734026,0.919581382799479,0.853509074673118,0.899926700628729,0.95537959730031,1.00914800049278,0.921413670167323,0.879493894674755,0.966745702315283,0.994757259090782,0.866692212621636,1.11786778372,0.961128867446912,0.998749224697107,1.08773613947251,1.00305573612936,0.991503888821009,0.908526712217401,1.06865961972899,1.04822811867706,0.862759116857167,0.911796428689885,0.995990771311386,0.995050115836936,0.997211936330401,0.903322963250523,0.964673057059944,0.403897384913287,1.06845389876371,1.13547797884048,0.984155813131397,0.576128103168864,0.0761674690622274,0.975848054879433,0,0.821154369366335,0.935458432717052,1.0659153619389,1.04418929895756,0.958025701401375,1.04806414041495,1.12372941983458,1.15392411190332,1.0297997135812,0.987795329259256,0.994666691982919,1.07797631436383,0.0703959404203605,1.11080287624173,1.04616024086675,1.08454628590624,0.267913617402755,0.957182864598076,1.03156234011363,0.983108113124407,1.04462845419778,1.0398506537119,0.0170473090283005,0.989962579292935,1.01970495127364,1.06310303792091,1.04014649463094,1.07313381527907,1.01400453352633,1.08249279737872,1.09136384702621,0.974646892704639,0.857911838959409,1.00664735602557,1.19583293402153,0.750174919569928,0.893664814528081,0.971927496466227,0.974775785333261,1.10988163900741,0.878023987881744,0.94306535157962,0.967397814200284,0.0301693129195705,0.988881952196607,1.05245778153515,1.05618198531392,0.945391529328818,1.10984148741481,0.927335678143242,1.05226888584,0.811629597348322,0.642980748854188,1.16165506194719,0.964157404893543,1.01105602162979,0.97717873079359,1.11064864103421,1.08008885800535
1f330,0.999335341126264,1.03860748809426,0.982977328489977,0.869553894529716,1.03008151520358,1.0196427360521,1.01672470061858,1.06419421257785,1.04072970722702,1.07957434681337,1.03239829407613,1.01356965917781,0.986202925395289,1.09244683548419,0.981671813667562,1.0150098804229,1.03558883531664,1.10765985450892,1.04976592463072,0.980000357203074,0.417062738068806,1.00932083287132,0.985857974282323,1.04999681759694,1.04300138705176,1.02434855050446,1.08610056294876,1.00272435069854,1.00079751542945,1.01272148960365,1.03618412424361,1.04922056614378,0.918974721540673,0.983221595028403,1.06534419910529,1.09385704033015,1.05012247013459,0.999875691066699,1.07430743834391,1.0931898223491,1.06346019888652,0.265003392078104,1.02266239255897,1.08471062993774,1.00054372399975,1.03938067963408,0.985221574319465,0.742184529331964,0.989823006070213,1.06026121495932,1.05189213340984,1.01061237525718,1.13227146984983,1.11205800873186,1.0276264773276,0.997831535404449,1.06695884627359,0.952569752418482,1.04191426349637,1.09724143060062,1.05295043397716,1.08917554387676,0.20252963204367,1.09692194983969,0.97689039540012,1.05461532719192,0,1.04447777580597,0.926544334983765,1.01424680045732,1.04656625977448,1.06583646159882,1.03645877821199,2.6041289863934,1.03102326092077,1.07167468725869,1.00834992482723,1.08867321492102,0.8509247994214,1.01650848540041,1.05158867973926,0.941099202009888,1.04978651377239,1.06412020940547,0.983434738866573,0.990991499592173,1.01280605039059,1.07984727654074,1.00092082407858,1.02911771349495,0.976540993797207,0.997378042482864,1.07028105828164,1.02508193420327,1.00380763859091,0.993857158371286,1.09425339081341,1.01946345372724,0.982396731730304,0.962093547653728,1.04479431785546,1.02124541606947,1.09993292733869,1.00233570747931,0.996409711167255,1.02165580593239,1.00386306442666,1.06720514295343,1.06427147329732,1.0233941991801,1.02133533711614,1.02257208559276,1.01143311026704,1.00880327657281,1.1176142778626,0.837794163472918,0.919367998015821,1.01988905370488,0.036806585047332,1.15780566562364,1.04785212939554,1.00055600406713,1.07915298784853,1.00660746705987,1.07040236898306,1.04975807231108,1.06209741099609,1.04975659817575,1.00620194024745,0.993794995033873,1.04782768808009,1.104561100217,0.941707527979781,0.9810527752455,1.05088861807666,1.0553315964743,0.932611644753302,0.922830516838442,0.999668755107766,0.897967285364326,1.09441901581166,1.09005209860362,1.0323713264123,1.07718349752289,1.08422231079126,1.01393643729335,1.05334597783633,0.980589766531741,1.05116336318452,1.02847016580629,1.04593514769959,1.01864637118532,1.05205122180682,0.949190525786001,0,1.05425763887593,1.12347248513466,1.04893465754812,1.01865754185858,1.00511236407344,1.00344821739512,1.07117960763064,1.09181810676026,1.02761766432799,1.06411873857854,1.09416853977911,1.04185851704196,1.14704766653706,0.934033784406168,1.06149890837619,1.09139280638169,0.974561325862591,1.14180128175412,1.04925724721399,1.01827706994933,0.991007520438898,1.0455137125604,1.01191717164768,1.08100209053769,1.00974346479884,1.09430788871738,1.00269549245703,1.03367294052887,1.03434142926629,1.02866970286568,0.979616547804947,1.14442936637908,0.941967418869814,1.0484163308359,1.01409447586302,0.0552413966369256,1.02254662039086,1.07273427179029,1.10116667402461,1.08568152358218,1.00960669565863,1.02878611116516,1.06453948848112,0.985955815074947,1.04622235554841,1.02514799513206,1.00840231993704,1.05770128535714,1.0161844993094,0.981401833401065,1.06620212707173,1.05051028051833
31fc9,1.05808790776742,1.01798165466289,0.985558587788714,1.12585945406603,1.02172474068143,1.02394511280725,1.01193234255379,0.996258751932931,0.985679250316163,1.01589987185505,0.971103010340011,0.998422023259889,1.01050139787216,1.00494519370897,1.04184255671151,0.983707549630391,0.95504118876003,0.0196685988500819,0.924382191568304,0.989907611403107,0.990389108785622,0.572865786195044,1.03965083679229,1.04614937257076,0.9595850023532,1.02724718527112,0.0379845161134008,1.07877477012805,1.04359672623436,1.0615652167701,1.03313972875667,0.969611913477751,1.02305452671457,1.00532786564868,1.02671197021704,1.03946059461581,0.985127079659059,0.995504676697778,0.971637347889156,0.963271247389545,1.01592072124247,1.01452255065382,0.989763557269807,0.989472886836184,0.890122257204641,1.12782364048726,0.974547978056591,1.05579767976739,0.980648733356085,1.01821395736557,0.995930837455087,0.887457276956416,0.984838813329121,0.996104090769651,1.05469413167992,1.07706937747487,0.981137750628867,0.970349353083249,0.920882971052428,0.958616323700524,0.994930046151292,1.01378610768484,0.92946014618358,1.01081239265581,0.9761809180907,0.96830171472589,1.03669458858895,1.02821671594917,1.01527260058735,0.985985481799679,0.98713258050718,1.02104429448325,1.06279251404749,1.05141559719398,1.01545762623474,0.986076254701399,1.0239636434388,1.03660018469127,1.02020534212478,0.982404332391971,0.987117886034019,1.00965611970498,1.0312437703365,0.91766967898039,1.00015651033483,1.05350797344211,1.07469337834618,1.00868347380559,0.968402530542252,1.05193339985853,0.992147225015334,1.0727826444837,1.09296624115212,0.969090660302533,1.04807404479656,0.940464122921111,0.906204499765581,1.03649868923156,1.03824312924585,0.966724759489022,0.966418628554312,1.06079526977855,0.998376659492451,0.987281505780914,1.02060556756704,0,1.00533301446421,1.01326068012915,0.949656062399822,1.00471535740666,1.01079010908213,1.10035459006331,1.03815989117924,1.05231953074794,0.968660964777568,0.995543715965371,0.997823095543991,0.970829199240874,1.01759326885628,0,0.988987956577018,0.924749368129347,1.07914968971775,1.01282204046886,1.01233784866367,1.04945165821222,1.03309327930757,1.05483859306169,1.02466528340923,0.980951811166692,0.978970298248262,0.971568514358287,1.08324926032182,0.982412134894853,1.02134686635094,0.989092765143296,1.00267994231,1.04305846185487,1.01410198756255,1.01853315060681,1.06320865387405,1.11003618999398,0.992654619443457,1.13191746989174,1.01929901187903,1.00383204457651,1.00494475798626,1.03745329414773,1.01853455756882,1.07109833999894,0.99755776900112,1.05992413332662,0.945130902497459,0.862420637668589,0.977542283627566,0.951179944806923,1.00662349320719,0.967076308869891,0.986136040140031,1.0821364685836,0.97948426489602,1.02684660919506,1.01837890533973,0.944296335857384,0.941239854665934,1.01308332342044,0.953786610137177,1.00047348660018,0.991962176724532,1.01081044435633,1.01147097718216,0.970889087144482,1.00396816340931,0.947250166805198,1.00999543055747,0.984707426792184,1.08692054513513,1.10854048496732,1.02857699635351,1.0434913099465,0.982954229691243,1.01743757787949,1.00230768426914,0.960262096700034,0.982209771800485,0.953786017492089,1.08074978615272,1.04076607018588,0.983956564427124,0.985016907997965,0.913864958094171,0.958054844975778,0.970968481399322,0.926769325879069,1.03345356258577,1.05431730889047,0.965845455787232,0.94377232735411,1.10726214681178,1.00408538925047,1.02266316413218,1.0016460474599,1.08661717641101,1.06465050212841,1.0198544849379,1.07266093503792,0.97918191650033,1.02511205753038,1.05015760495715,0.92970132524282
3d5bd,1.0681922808794,0.982594446670231,1.02534350809725,1.12790146541679,1.13220164704252,1.09356716402464,1.09244987433943,0.972815870691018,1.14260278274959,1.12386071196581,1.0518404167141,1.08741025544343,1.08031578599107,1.07743966035502,1.11455332321888,1.12715931528175,1.07404553579666,1.01938855402659,0.995851814971923,1.06676228199049,1.09514983344946,1.08584175989199,1.03795254967606,0.988100411197851,1.06589990566817,1.0359435432809,1.00613129884153,1.02588092950446,0.65265756240283,0.936749607511364,1.02330171345258,1.10399326911932,0.992624044044888,0.947118397300739,1.0141528840116,1.05368866877889,1.02695279259012,1.05188220786918,1.07948140559985,1.05757434117742,1.06464842499161,1.17447777559151,0.98880873151829,1.15118229372634,0.99943307774153,1.12655048776846,1.1597892008831,0.511722164662339,1.06844314320278,1.04279727101564,1.00440011316053,1.12717873933573,0.973410430254715,0.989041284463101,1.05292929991283,1.01994863073065,1.08667000814547,0.955291425032686,1.02785342016081,0.984348773059,0.115682654821525,1.04245978412939,1.11520480296619,0.976367662545349,1.02712031734505,1.00219294837155,0.871908920432613,0.974280027123537,0.990990862593835,1.01634065574334,0.999950209231996,1.03622915661276,1.0444718216146,1.00509159280188,1.05549527320909,0.281233513964042,0.995961869201687,1.06379095893758,0.886228654952579,0.890611078309323,0.968162793291163,0.962700133789641,0.989056922103419,0.996717061417512,0.94904848411174,0.969820502147715,1.08270508297767,0.950239609596362,1.03872168660871,0.941981407380119,1.10020227463543,0.983470575352132,1.04373082921676,1.06574973141248,1.06323632643952,1.1293053048335,1.00969308858385,1.0032605997592,0.873778996369675,0.958275188813342,0.975686445360742,1.02375698299505,0.985898945631049,1.02613920330946,0.952662843050042,0.952767971591879,0.986142884759115,1.13574407693358,1.08517660158472,1.07898175465972,1.05403885972508,1.06247854923922,1.04255833963781,1.03071347950497,1.04508361421986,1.06404456236625,1.02341339257724,1.10381737501692,1.02177118728116,1.02628931785432,0.803452272521436,0.97899354341731,1.08134544905492,0.995055088750961,0.900108946572322,1.06472552494928,1.03197695896494,1.01269156554727,1.00704851194459,1.02471782014085,0.371808324812426,1.04878218469419,1.02227751796744,1.03759171353747,1.05646310321843,1.01383703754696,1.15587662756787,0.970422859105971,1.17175983338609,1.23293201338394,1.08401400872765,1.05200619516501,1.08694781073579,1.09070535512962,0.906877807436441,1.02772394067783,1.09568114547461,1.04394284823907,1.05080853181569,1.00588019098458,1.09157353544987,1.01517053802808,0.964093498021069,0.990669401262733,0.996606495195748,1.0771813372537,0.992563789985303,1.08401825068134,1.0514560105018,1.01034449750247,0.890345392898079,0.829106391652368,1.04793844611104,1.06911090423586,0.998729000610606,0.977384747033817,0.991781365056316,1.02134643575855,0.940553738355464,0.964514387897894,1.11252104888942,1.0563058670493,1.09171287823996,0.871519981364135,1.17061803687291,1.09185756139032,0.984426843274655,1.04815245602512,1.09511210943324,0.995414755584425,1.04604518637041,1.00860371219859,0.974229235498507,1.06355998742664,1.10410077803159,1.0306507148571,1.14653881721522,1.08350564734926,1.0289758625473,1.01468682160639,1.00649428949948,1.08763660275727,1.03895567190169,0.907893721880084,1.01252191239007,1.13386107435607,1.02379369406663,1.02061502310658,1.02968295367156,1.01973675398345,1.12156039936138
427fc,1.04372736288345,0.979158156360007,0.997520079156633,0.956185547709659,0.956773234099291,0.930572828468897,0.935218567570585,0.92223959062382,1.02175686500154,1.04923769095204,0.987567728233543,0.980221815625151,0.996288651247635,0.98655858321633,0.979646440200743,0.988362865884589,0.759367582369565,1.0004472949875,0.979268275163211,0.937748357038543,0.978815650850456,0.972960742383771,0.952722548589342,1.02947604846491,0.989324420459176,1.05316391803796,0.91821019293804,0.960532228385152,1.00769533891953,1.06105385518785,0.974986929952977,1.05878760181544,0.981567900251567,1.02894754367652,1.03742071459646,0.98510831643177,0.973351773227392,0.954108006044124,0.738644567562156,0.913879162105557,1.03263215468709,1.01989746616745,0.988510237395473,0.992498704704948,0.924631654857836,0.976360368458488,1.04717573680686,0.972249485544069,1.13599144802026,1.06282022372305,0.0617139471086193,1.02348753389476,1.05043855704906,0.885284188408287,0.947264084053254,1.03176504802547,1.10163907961811,1.00695064620241,1.01312032697763,1.05035435206477,0.97819035374557,1.09213900941599,1.04682653867955,1.02442753152476,0.954450339909148,1.07740966294386,1.05189323127321,1.09208079466062,1.15627196742804,0.902560649918046,0.336582449641146,0.993778542969195,0.995369896789476,0.982162401903856,0.990188127694256,1.04240970852618,1.03132857012094,1.06530772073989,1.03220071375668,1.05461314514268,1.03450937045116,1.04426062443374,1.02310897769223,0.995144714020844,1.03399076385681,1.07330893470076,0.990769540824968,1.00103334902366,0.989620284938755,1.07662587955632,0.970701905920895,0.981973378521713,1.04532568895179,1.03347441443524,1.01436364374118,1.00687738508989,0.990310153351599,0.958752108075642,1.0356186407722,1.04348667133185,0.999207434200999,1.04981195394823,0.944442437317845,0.99850368780371,1.01351298928469,1.01260709666355,0.844162007306753,1.00713363011396,1.01940238443727,1.00673957694825,1.00306088950208,0.99740334611563,0.983242609051884,0.952671037456288,1.03682380335759,0.0348630577637324,1.09010036179575,0.946597015008837,0.961122084355968,0.954337226294524,1.02112247423433
49c3b,1.01503670046451,0.864335855185999,1.03145136978685,0.978578737216797,0.980418123994498,0.842485441876294,0.82536629622654,1.09129301919592,1.02245468907077,1.03629685705206,1.09039393121417,0.437900721967407,0.378499516328053,0.750757143971813,1.10583502715181,0.656420747949561,0.929793456165644,0.664457985088412,0.894107337247389,0.895798827324281,1.02851414926234,0.784913846314574,0.840636841451085,0.439720699548894,0.973880720395522,0.812782643676946,0.831542096983321,0.687019520871963,0.883945107128424,0.876545431741262,0.815599336273777,0.862897454560913,1.03014560417528,0.912865088200581,0.941914978012047,0.826917517172265,0.923679805629371,0.848131526898582,0.776972415985842,0.865929781360348,0.784168053275638,1.14758189005979,0.876682995260314,0.949632853283464,0.807618824794885,0.923871585056072,0.812354323290561,0.0113598801930594,0.972898310671034,0.800986104792961,0.98614687647929,0.993346007760501,0.90451695336238,0.98437461760508,1.09708032038766,0.785348485573874,0.823148487005207,0.765778457444617,0.955597171786476,0.889471542649659,0.521650551548283,0.832213984259145,0.92731934310001,0.970892036135514,0.709079300985139,0.875775692491192,0.904580529492999,0.745661360495119,0.759574692612702,0.820000524792586,0.960202512247136,1.03102885018884,0.541803812763441,0.850526050705514,1.02242103413448,0.974580029542331,1.05020868032205,0.809319373209954,0.776171874034495,0.776425764684178,0.858886987334443,1.06984367669301,0.906255845694967,0.920415871286835,0.910922008670366,0.739135351274869,0.805127247599009,0.548940208855522,0.920777396806078,0.782138224468241,0.758631223729668,0.956401335239525,0.681168739359354,0.929885010670026,0.778574451620381,0.895418059363396,0.808104245209505,0.84783148402996,0.929570639259418,0.787681149082782,0.902385942137024,0.933740095446312,0.632015280418023,0.80984480153262,0.786924598059303,0.930160403942809,0.905190581520423,0.876875020138557,0.96003501600258,0.957951755136426,1.01843224907222,0.95966351484384,0.868121079918201,0.966114515104131,0.821857821016243,0.931549604904299,0.990039849174855,0.862804644123567,0.876240650798017,0.860984952927216,0.812668400677397,0.923287649068961,0.863470623783463,0.926842381334701,0.74022090344998,0.959768552428126,0.886238350123966,0.90563170667949,0.977400113019628,1.16032251288562,0.914112727228777,0.881389696145194,0.94983658882393,0.757273852283967,1.03443926009153,0.826800655154876,0.867210350126284,0.852066882307082,0.938219807695994,0.893485863991133,0.863432497539453,0.818482412505633,0.917036048162298,0.886877518190235,0.746951712077571,0.701365752516545,0.345349491282089,1.03512923181897,0.889424661851269,0.958597336244306,0.97484727467302,0.868389940719098,0.943075441628482,0.818959215342403,0.940835131625467,0.847736909237607,0.865312266382656,0.867325131470237,0.827471065268168,0.930165240718106,0.906818189748798,0.949024755277328,0.981356372687773,0.872831534650876,0.746878991276602,0.849437842391583,0.899577409141672,0.899300538126461,0.736551150762986,0.756837490251414,0.927339298352648,0.56700930763805,0.634233522897762,0.961775373421257,1.10619914973119,0.587903418144974,0.704873136668293,0.768032472039449,0.906282272012271,0.707867803428509,0.872189018577937,0.764365866015092,0.856908616756821,0.802507080450903,0.88750411065713,0.930919114385755,0.774221814558141,0.787991205102782,0.880635885120226,0.881601618445792,0.96511038561024,0.751936801572271,0.932566674189339,0.792994844455176,1.01249478435345,0.806099926819966,0.935525050935015,0.735194409793721,0.914631445278273,0.869244736754684,0.894156458474083,0.88045824055662,0.876567566139733,0.874882201236669,0.76926738525966,0.85041636471678,0.966095587189768,0.958897624939726,1.02618257122774,0.941632741210671,0.681975580755492,0.846675490341029,1.09303459478503,1.07477551676654
547cb,1.08374588289112,1.09293502254667,1.01589933809363,0.889999826403045,0.973931615828102,0.908056955901784,0.994320420348344,1.02333390125918,1.06963501742437,1.02546673508599,1.0197174328731,0.988415143092515,0.989001535659693,1.0410417436049,0.9657210990178,1.02019320878197,0.978203813851765,0.92571701732219,0.997376865580864,1.00313969824654,1.02397796739556,1.04353265274128,0.973246181243267,1.0137913155593,0.930070787311618,1.07289649758267,1.01713816491614,0.991318994896756,1.01711630233668,0.90059635464247,1.00303005949311,0.826386011196019,0.923080073555756,1.00581833878968,0.975600599022001,1.02691885957244,1.0346372455872,1.01636561734935,1.08871406472144,1.05644301077036,0.957815406033183,0.898818189417612,0.968109708335934,0.845087486177779,0.977854564665261,1.10947885897309,0.946251123616644,1.05151016333258,0.949508397363816,1.10166756361096,0.978978495795083,1.06255050805146,1.03339143402546,0.873598893195886,1.03836627122699,1.01173785288815,1.04466932163838,0.968151626684757,0.982044296476781,0.945302009676408,1.00682517623765,0.7595581660898,0.972818675484503,0.91948371525397,1.03415389984041,0.981433744432837,1.08210478242621,1.01130441279092,1.03748944223986,0.923508963999042,0.977056359393692,1.01388414790819,0.794973497875891,1.0076493502942,0.890122741370234,0.213085146280975,0.734445293168231,0.94350322802014,1.03340636913828,0.173861519538594,0.998028875396565,0.976261277204869,1.02240635929113,0.86712549228708,0.996054776151157,0.897498828057856,2.36322740656519,0.921760059844532,0.963137584805317,0.965481543068793,0.832477211124029,1.04169681513062,0.983311526189766,0.965679291603358,0.99856087403389,1.03619580521666,0.918897833061637,0.933290756456231,0.92955633148046,0.909045768880941,0.846298777945949,0.918103022114709,1.02883034824135,1.02371413870774,0.938649237778555,0.770302999616219,0.996313765454045,1.02447537195964,0.98828622807863,0.909280953994654,0.995708791703892,1.08913480869394,1.00270806497821,0.992584727243414,1.014590637232,1.05409373347446,0.937358051394886,0.780010362381417,1.01969117750042,0.626814876048955,0.957917800032825,0.981247633744244,1.04215350769324,1.04299351175784,0.971344668922982,0.994364933001396,0.866873489501362,1.03204083536212,0.386206303067591,1.0308864126329,0.887019596383674,0.99720376725263,0.962719575995222,1.01350815409935,0.926601697914344,1.05337167162878,1.00858564419299,1.00938240663082,1.08499292093919,0.971958587726982,1.05013726087165,1.01064623794994,1.05348506519955,1.0125335340744,1.02367211229093,0.922021847348143,0.971084375207687,0.993714974458619,1.05354529674656,0.884234783383732,0.910492023433583,0.846353909601433,0.974952207538043,1.05517874915537,0.965244368031935,0.87705275830652,0.975989061807815,0.948606337964769,1.00578726926989,1.01200805425038,0.990644545523991,0.975365797116981,1.05933684478782,0.95491002211525,1.00625856251332,0.960349503249897,0.0954061058841254,1.05540493527635,1.03214511419697,0.984100032134222,0.988000950023125,0.918125635922983,0.974798468114167,0.940626053764537,0.875172001921109,0.971030228600752,0.959111459327875,0.932661927948399,0.989237435727156,1.04913531288869,0.879208596211675,0.996284608338274,0.924770202639639,1.03214472980269,1.00724372677607,1.0139963430145,0.675945226747141,0.585755247888084,0.960476659467701,1.05305139450906
57548,1.04940966719708,0.992140600865332,0.943032371416514,0.992310794913672,0.957313356531524,0.967236309281046,1.01719543763665,0.954604775219018,0.870012402267986,0.951791395847327,0.983423081984591,0.97301732976377,0.733801150979556,0.974843268597061,1.00448856470368,0.966282161396966,1.01580981340442,1.02128067710491,0.998239092392078,0.970230086583528,1.01247836509543,0.950016735708077,0.915048520351352,0.932535485776048,0.938614766979927,0.961356891250232,0.889646546192119,1.0248826264549,0.907579279653125,0.96936681500141,1.00695957217022,0.966691497389203,1.01921883254285,0.975205881838387,0.96645854896589,1.02675906398724,1.00116166557626,1.0968103256295,0.946022459668917,0.974433953073566,1.03174716889777,1.0602433350528,0.960033345905737,1.04688236533725,1.0286670792997,1.01246925017828,0.896584625790959,1.02781820518942,0.895025373623212,0.974744784083323,1.06130392192821,0.897469170895126,0.953831062744423,0.987076241754043,0.966815379737226,0.997620625669823,1.02996682442444,1.01559119240581,0.422642896195705,0.929681185689397,0.968266870162064,0.976956489074629,1.02751644847533,1.048245680863,0.943094505598605,0.930416264488308,0.979600776485956,0.95757868059506,0.983636844302576,0.930364873131362,0.981282043488005,0.962428350364313,1.05277035158552,0.996483615583501,0.889031059176034,1.0563022925549,0.912037860083685,1.06974016139223,1.0554585759612,1.01291124475613,1.03659166527477,1.02796498690958,0.990645591820991,1.03974234335398,0.935512103843322,1.02983683362488,0.990444547412716,1.02503204436482,0.999363641698815,1.01967308038302,1.06896286497318,1.03140089308078,0.986211211227308,1.03622310104494,0.950984662887969,1.01501868585972,1.06726976548054,1.05547115351984,0.986216212902844,0.344011161760447,1.09129537259175,0.923367792360334,0.984020029812103,0.931929942286361,1.01648996263768,0.994707074179959,1.03013862551078,1.06456521796597,0.957033504068961,1.0177382760243,1.01867501472068,1.0246415509034,1.06462983424894,1.07169087863464,1.01423900746961,1.00197766643818,1.06515992668996,1.02131044695611,1.01780201186471,1.03000798912356,0.99771654666828,0.0147773100227765,1.07638565175473,1.03143563314904,1.06937692048498,1.05819720575548,1.05926655739593,0.981850345840715,1.00952190889739,0.933186271686391,0.987986077564757,1.03967664045697,0.975669373061371,0.998807099188531,1.11824388563959,1.0049991080179,1.04523086873729,0.994508324971248,1.02838517255235,1.08340573304686,1.02132228970043,0.946173430166814,1.06649182446053,0.922236396298884,1.01639044937841,0.922021580280154,0.900386267484795,1.01677047748727,1.10058561323841,0.996239308984488,0.988633453650467,1.03850502538819,1.08903667871886,1.07205777974177,1.04069435825173,1.03765079121504,0.894254812609168,0.917247438686464,0.901893312271855,0.0109076753573323,0.866958917160321,0.904982512139667
6de95,0,0.80757485029899,1.06688546043643,0.929099122255687,0.750807043841148,0.90534352286265,1.02895088826605,1.10447977067269,0.786290590411997,1.05672287515884,1.01637324360263,1.00989218974435,0.975803555178692,0.933742288034091,0.9247724836545,0.958932403387527,0.958390113070987,0.938709989137941,0.895583820545221,0.448113369484199,0.769045406079338,0.940436633895432,0.837807567002239,0.997526955778792,0.986631314953921,1.05608004638555,0.843871398697717,0.94070786879279,0.952309125740333,0.905527417812982,0.719713317884728,0.857970612234884,0.638448602856706,0.742673972077121,0.693596087389589,0.939159202628957,1.03212215029281,1.06322736909946,0.551586418179274,0.899425626679357,0.80343605180672,0.98065149578285,0.955066517025609,0.830965688304009,0.880432079497463,0.965299656519461,0.851055630153006,0.856535084032656,0.875459183913667,0.937373397432042,0.828122688205638,0.727922887085953,1.04504307553108,0.685328589978475,0.779642679564719,0.757425049899058,0.843844719280179,0.787277847766679,1.01098230071357,1.02826553013109,0.65316822911789,0.620193125408443,0.926588402116941,1.00437963536786,1.06608086979659,0.929733878560873,0.885387400477402,0.86926094881692,0.772164527061609,0.985687733536612,1.00879211481866,0.785793560534537,0.820313864335073,0.644331282506042,0.555320202236717,1.0068108476301,0.937474633308303,0.590036750660072,1.00262901324633,0.877443301573305,1.03475469784566,0.954708542449159,0.995527700837277,0.612140474377907,1.04075026607508,1.08320136075782,1.04980556263269,0.97088592244647,0.957392461176655,0.579833526250064,0.885249064560696,0.930709321910101,0.850983266590908,0.960321360031453,0.789407395058978,0.997986862304478,0.97890021870057,0.95755497922851,1.05570706268681,0.990011781527723,0.870665674034412,0.951087079294017,0.997701543353676,0.916972077524962,0.67129486647404,0.765137807359422,0.678500874330027,0.953653181653204,1.05495756342704,0.975437509656958,1.08590098920564,0.904598853173873,1.00644938284729,1.104709639122,0.730848727674901,0.0269393870590416,1.06447754762358,0.898167504197375,0.941666133421416,0.940371981989446,0.962892065263316,0.677591946101323,1.02911891351137,0.781898294745279,0.766989814876752,0.125255434540609,0.798708119801033,0.0285820047670348,1.02080069657281,0.595888328968447,0.575013634423739,0.858261584839648,0.789032087742932,0.894745560192098,1.00036425522778,0.796889993526928,1.02013862170857,0.922703172199773,1.05737504469652,1.06871978158558,0.748884961984129,0.637754160807736,0.940416721037973,1.0623476968382,0.853545167462699,0.905569011633964,0.9211934998051,1.01485255911305,0.934826731884073,0.392601257999179,1.00571108287463,1.07818977026357,0.744182137278125,0.98910243850117,1.00306675239696,0.0424915869750098,1.01801644395996,1.0000045138068,0.964908024365267,1.06386959614662,0.797805498711263,0.981545971151803,1.03439195519426,1.01614606913519,0.912350777912251,0.739506778261017,0.841134252031159,0.951235319931062,0.576869150820936,0.901035307131127,0.979873112515639,1.04860503716268,0.977436304168401,0.814076527397034,0.966746600441925,1.02973352394245,1.02521120334013,0.75586332694046,0.781321860862295,0.901362502603656,0.760469878249742,0.871287876969514,1.00743949619038,0.985268902358578,1.05789000967323,0.957835312795295,0.575114705056377,0.99857785811215,0.862407971714154,0.864321361797652,0.716067953273155,1.08670634910696,0.7906372658679,0.989347705399534,0.846960286060537,0.93446784732173,1.04997375523086,1.01499609590001,0.851196383892344,1.00153714282706,0.999024568067249,0.931031824684153,0.821265523182043,0.959850945598736,0.391091079282764,0.984212036317344,1.0564020297971,0.992642373185914,1.08194305743842,0.458952991609006,0.801008754016985,0.737380656851333
7a44c,0.67331084513204,0.918298694749766,0.924168200390887,0.873541459931631,0.910095301012037,1.02188148221845,1.03983041724603,0.851838656307376,1.03268408212041,0.980126048512427,1.02255379691825,0.935147581911448,0.993639876644201,1.05928917913651,1.05057223549464,0.842692908556734,1.00513031577695,1.00972400741888,0.926476417772666,0.929567780644678,1.1000788542941,0.946849344222313,1.05148445583633,0.867619573233864,0.898821045317655,1.02833279740851,0.978522175897704,0.938429590533185,1.0511506601583,0.951052072642244,0.822576410743948,0.897138371055257,1.10478223090402,0.999079378004754,0.598094459498711,1.16041675305923,0.990571693618556,0.865294008618631,1.05994507338943,1.01708512196805,0.932566957719148,0.963453152272525,1.00516825042746,0.993866002985738,0.923132310454894,1.0118724160327,0.929989344347517,0.393522410477862,0.977035086025785,0.918468342043185,1.00495951290679,1.02340366720391,1.0186923061626,1.05084085574451,0.960259550054312,1.07360856903883,0.98914287797854,0.977116087585551,1.0782015347173,0.883763944089577,1.11826227115518,1.13073377085846,0.842634169197502,0.993325096910422,0.890530497329767,2.53120879287857,1.09534191776422,0.81170026972287,0.95430823465981,0.956926942465453,1.07889221871301,0.975130865265053,1.02731744256524,0.885365794610304,1.08521968040092,0.94482108503267,0.390755384646937,0.972279677487313,0.0701476468242035,1.11134000652568,0.87019741837957,0.907585323074745,1.15946459131184,1.06057410828189,0.887481268386068,1.0767256121348,0.977006778099954,0.954979004299448,0.934535861615202,1.05647458169232,0.936768628581043,0.965754424401939,0.977609118884586,0.94074128263623,0.956541724131937,1.09794323508805,0.930507633832375,0.886713378545414,1.0666642305805,0.866837146679629,0.949090836018219,0.911828450740454,0.815056968033678,0.881479971473261,0.904828929171034,1.00962689894277,1.04223513147632,0.858893143376313,0.891995604705364,0.899553083476331,0.986384578548506,0.896299894207821,0.831852356155972,0.862190227562905,0.966890860592227,0.880531457430193,1.01592432391148,0.942708841620493,0.965524286626346,0.970777547698631,0.957312058217316,0.931933332452976,1.14035054861741,0.982941801715946,1.04602465723223,0.926373594264502,0.954650575627868,0.934018093588078,0.915535473665907,0.973705133523102,1.07428660801648,1.01509741040372,0.901974519535586,0.911191728853852,0.984849125272984,1.02219814615598,0.948649294573264,0.959883877802918,0.909909859663296,0.933253212113243,0.873743487944432,1.03589336529222,1.0514375329408,1.03933625186656,0.864252172069382,1.00083425702991,1.00100998359162,1.00201720486652,0.984286643070186,0.996761366191846,1.05536878922148,0.990740248380211,0.81162778330666,0.992622389580119,0.881230446041505,0.772569816333026,0.973137323519769,0.9840583036613,1.01066768977485,0.983980422982389,0.956259359931028,0.96176874307541,1.02213890016374,0.984781113119279,0.870455833749035,0.954242463919515,0.871548526888391,1.01522545249008,0.997556476385155,0.89785774993379,1.1076208308111,0.9464086303796,1.02897911570408,0.963124153795125,0.851515957698492,0.96884580525434,0.988701446576263,0.995173914134797,0.961394925565842,0.967489975895319,0.947970243867594,1.01570478337933,0.930953356214092,0.881508484332758,0.93799297104733,1.01526977312561,1.01938487734517,1.04662814513815,0.964768188025778,0.989099918284123,0.921125988658422,1.08955797522513,0.929667668320684,0.926588196887509,1.00164333973911,0.849934012477509,0.868706985294097,0.962407111568276,0.880681745804406,1.10485739796756,0.985726884731274,1.04798142679452,1.06500043818322,1.07031524322387,0.978533729713837,2.41644803596968,1.00601323762412,1.01738622673862,1.00542351167516,0.915757795194815,0.915707929266748,0.919543683916702
8b747,0.954588886495079,0.913981227986347,0.901542341750665,0.801717810236653,0.894749582036494,0.907016752039085,0.873500213143837,0.932618836128558,0.948734178824868,0.9177385721825,1.03382759342177,0.903376158356853,1.02947287491587,0.974828822862688,0.965623417395166,0.926884618503288,0.836208531149102,0.879758192015292,0.990784294096386,1.04616586783588,0.957092993592569,0.993126654589294,0.848167889054456,0.881955999223661,0.969790548986312,0.952583511769715,0.942839377809172,0.9401086039668,0.974931768264883,0.884662037724667,0.970543091618105,1.00533548916082,0.967106025745666,0.91393646184252,0.905479686039682,1.05972111025623,1.03098897957138,1.14324113908566,0.89778678004154,0.998554502902604,0.998752045685341,0.938339452819674,0.906773320339514,0.986488044561656,0.939934433897821,0.914046440787521,1.03526978158431,0.91758211677935,0.900672824548696,0.918541853483922,0.912900759519915,1.03897941583201,0.0547741820529287,0.893807014940337,0.937757535347154,0.806444401494437,1.02917224971109,1.01923132765554,0.98032782185408,0.931117142080916,0.896549670880434,0.93207740060497,0.91786306458307,0.849268616894639,0.907273207520767,0.918927661429337,0.989992813302304,0.903280987250027,0.829407003836051,0.924382535605389,0.88271519478541,0.982414048579353,1.01979482807105,0.982127322188495,0.737326291096385,0.974093083861905,0.957208553129456,1.0021652949948,1.00518703808356,0.93750816006248,0.985830605471958,0.933608975842937,0.970306866329705,0.972191673744874,0.949844148979262,0.882641113606955,0.26080422499469,0.867569067733843,0.924473372212955,1.00551598583294,0.940232050902235,1.05038822770354,0.771819600156359,0.967552309952892,0.966051605811735,0.848065332364684,0.990721435072507,1.01171495721811,1.01831077514106,0.88181159129599,0.990485183362882,0.925479492371585,0.927801686094707,0.890341407315874,0.996962095101692,1.01036026656876,0.172260335880075,0.140206122654672,0.983259095560986,0.934984410272601,1.03840047981804,0.916571314436478,0.960259428910411,1.09517399068955,0.935444553008256,1.01423370427694,1.03928188779027,1.04502636119335,1.0118476512333,1.02728589181691,0.987709572709861,0.953571360673251,0.905665957396288,0.868212664972073,0.953933607212451,1.0280818331808,1.02095486935875,1.07585006018924,0.966925265005061,0.918869594935916,0.229098125194332,0.944485863313195,0.911250517033755,0.990792387127579,1.00122222752554,0.994923351947303,1.10461927610474,1.01545225373887,0.938054581803298,0.899897804455536,1.00412013059453,0.90960295554184,1.02715062824707,0.947573027824022,0.973555219543459,1.02745106310228,0.840383150053275,0.874701770190623,0.912109146286407,1.06085535157501,0.916297415075285,1.06787492305526,1.00261617049464,1.05802979678398,0.913768162145778,1.00467404104863,1.00694076450439,0.959840836024282,0.888301848283479,0.937457148016723,0.925871423237151,1.01296951489115,0.881148526632983,0.912958152859276,1.10253502201134,0.945683278747024,0.949941058825814,1.11737852525174,0.971783721554302,0.873646963043609,1.0417217143304,1.09357145600955,0.932927908104327,0.320846453914063,1.10655897811796,1.06016835465437,0.993697508414691,0.978254965947485,0.724785238949201,0.954406585960303,0.906775371905954,1.34203447701846,0.044933786166394,0.897064674057026,0.867063166588969,0.823929685956106,1.00962203025184,0.988308757546374,0.936721134564647,1.04495382164575,0.974208851321319,0.886103707250874,0.95444147566502,1.05956362846543,0.890090038097175,0.9073376044849,0.997100987754117,0.885677075576401,1.03378498575738,0.885812634295784,0.980511406294271,1.04453191504527,0.960253574908217,0.864486581977772,0.850966077297798,1.11930698790877,0.963602266214113,0.836457757030362
a314d,1.05540076587185,0.954624687971069,1.07756592259382,0.998251637605517,0.994225423943501,1.07529083336719,1.03867909599017,0.988114041886638,1.04036306376458,1.08491891513583,0.98483429772725,1.03339855999996,1.06206080833636,1.04168740988507,1.14349494387641,1.05357128474258,1.05114122624544,1.0028754982118,1.0871497583281,0.983652510700524,1.16137493990145,1.01050129746745,1.04244539540661,1.03120018758919,0.979991638885267,0.874289274908925,1.02109708234503,1.03938418313116,1.03141411113471,0.955069926576102,1.03143813188767,0.944912755884532,1.01938559286303,1.1096405838848,1.02195608357723,0.936422291741816,0.973394777335664,1.03478464818564,1.11097978921592,1.06105965067905,0.0166250669299008,1.02392599167424,0.818590757859719,0.958085225715575,0.946260015554383,0.987732461150324,1.01566224204053,1.05833663521512,0.782456193389383,1.01864017750253,1.07380823296348,0.949017202734964,1.03428042254348,1.10393409420111,0.977448152338897,0.991263990261551,1.05478349177123,1.05998547390151,1.08190090438605,0.988682380058411,1.05704129936434,1.09644656188058,0.371254186673078,0.830947803886113,1.0058688597717,1.05007258582984,1.05634190381557,1.01899491007659,1.11239586558213,1.06105082250153,0.880709825059116,1.02542575967994,1.02883530429275,0.985963441299213,1.06764961370918,1.02223513983393,1.00874610567181,1.00553730785084,0.990876790934972,1.07094195290301,1.02315466448139,0.753618643414353,1.07861565639015,1.01096756798531,0.99517296707456,0.962157678646202,1.03584492545644,1.02252120640791,1.04665615065177,1.01020986461604,1.01530532489205,1.0688865537777,1.00156376941304,0.922530167483114,1.0713097154642,0.687928583275434,0.987066810768604,0.629682333108075,1.04500679996757,1.00402802956976,1.00924856676921,0.0326318086533814,1.049744692368,1.04410158906988,1.05282944241697,1.02147003209979,1.06880198067252,1.04816419404347,1.05215495239397,1.09615392954802,1.10197896927452,0.980681235830417,0.943742817325694,1.09804975123791,0.903347102059599,0.955186666641397,1.03709270439551,1.03790861719184,0.85869185347183,0.963388666992086,1.08670319505574,1.03595073365744,0.757634210201402,0.947954412686636,1.00535631941545,1.07136728006492,1.06374357886004,1.00668261787466,1.05125640444017,0,0.97999881084541,0.984974967407251,1.03940611383403,1.04505072587651,1.05310883956478,1.12560616326008,0.512270338952505,1.09059541104848,0.947752679354785,1.08093198646126,0.970943991502196,1.0714850873138,0.958997170507893,1.04261819957353,1.0166463355264,0.993350381183619,1.02512965337933,0.993255412580274,1.03077290842348,1.03825841716365,1.11851240201746,1.02681023940466,1.06921442652037,1.08880416737342,1.00635296492507,0.923074756149974,1.11911568603713,1.04468352615735,1.00986623604153,1.05466648467864,1.00192950084057,0.544098516924058,0.919212594733726,0.947966070494221,0.951600194612057,0.99988622790828,1.02253574400124,1.04674924243799,1.08842014139505,0.984603989135681,0.991876049356161,1.02824267180563,0.92368533793484,1.06057455331164,1.02073592790646,0.155015495313102,1.08352908261672,1.02799756613858,1.09747195868267,1.04917810418174,1.01906646050364,0.827112075209198,1.01729553965257,1.08156508040282,1.00986619813255,0.983091145251493,0.990932092360781,1.05986174686601,0.96259831719942,1.0279415366653,0.845167613551694,0.911507561225792,1.07557333090778,1.06432898274168,1.00404442467423,1.01254533988053,1.0343429189627,1.01229960008259,1.01576240998735,1.00974999958925,1.04167075941094,1.04666094586676,0.0939434082729193,1.09251808931929,1.36470205721948,0.841270233552009,1.02819523945355,0.970929202370479,1.19372764444538,0.94974497204898
a9e6e,0.986688350826567,0.981635329882016,0.95416366800057,0.989548679482588,1.07043665955423,0.894042770113597,1.00755864889993,0.923597370599719,0.889090381262695,1.01227371924661,1.02036997250723,0.972860313629832,0.898256365541159,0.938674709911625,0.923247093614094,0.861637876506548,0.963784982844576,0.966414075202021,0.896092774405879,0.930242625376397,0.903573587954846,0.948856219853723,0.994315330580387,0.978659702344696,1.03704147207797,0.914201396568559,0.652798102381943,1.00429855344991,0.959804743023223,0.991151250662639,0.944347693100317,0.958680344078714,0.980646392667851,0.921314418576402,0.922783657455458,0.989789000609053,1.01143742631053,1.10776899395131,0.908801896397371,0.957764693879097,1.00216022842229,0.98707945141181,0.849854116762288,1.00123457879041,0.963203076710402,0.903805596680936,1.0043202003193,0.934233738549884,0.984115730431532,0.767317735798832,0.989691580770976,0.982805996914603,0.887115873319839,1.05021468473716,0.928431257570574,0.988950984359465,1.02405135985729,1.01862188929957,1.04417696509213,1.04436125730837,1.00085741823469,0.87322869677831,0.981011451085111,0.964840002145627,0.85692608386722,1.00169176024818,1.19484439021513,1.09936791013489,0.995669364323078,1.01910462430578,0.833796266884379,0.977082436224802,0.883014487626242,0.924096928993984,0.943587668259343,1.02815152991903,0.843738053757973,0.981178031593268,0.934056087774481,1.05265019607926,1.04159806196483,0.980058981309274,0.891458104751413,1.0069908426083,0.99818047515819,1.05743360697762,0.943799822202651,0.943966079816774,0.970159121420008,0.935678663282691,0.987825848582067,0.863529603143361,1.01754937314589,1.0120553701369,1.13233313329025,0.780236366877982,0.974393629013381,0.761252098921287,0.938278291894936,0.907996455900831,0.923142659217911,0.935865046399247,0.916196934612244,0.935547033915279,0.956249786172876,0.953224143853146,0.992426621910111,0.85467012758487,0.902347111066662,0.997669122211882,0.989434065655557,0.666234125045928,0.973667867491605,0.969525152077913,0.202177518721102,1.02146758687842,0.804223158169231,0.867214085770641,0.873606898869197,0.0570046600211636,0.990236492020377,1.00281655202489,1.0339136479818,0.947442787923453,0.943214908901241,0.921471381756874,0.917465137369385,0.947181498769101,0.915989075727236,0.964211644013051,1.01078628384497,0.690766901562459,0.951983022851227,0.970846178325596,0.0361972683611507,1.00974613172526,1.05575428834899,0.859813464411217,0.690332972744843,0.914864319746339,0.895907249928241,0.880426884090006,0.87342110815035,0.988933954364163,0.898995317546216,0.285621803878705,0.919442300320099,0.944638472059928,0.943270250686024,0.987129577318077,0.0152543429653181,1.01092104906597,1.03078845585076,0.993550927327689,0.993222798317136,0.934981398317392,0.967803236211183,0.899571799110034,1.03855255905437,0.586124816316184,1.00645901199345,0.974209074755611,0.903092511280944,0.88827702578976,0.748795749535995,0.996457515516919,1.01420237116608,1.04999724909106,1.01846699953777,0.921441926245994,0.919471763324859,1.05559648560681,1.05661313989803,1.0534270142156,0.877138802139382,0.977723375236918,1.00564825284156,0.965449878858625,0.81169683484334,1.00874531154438,1.02008511600882,1.06634833517252,1.0095366618071,0.954055177151221,0.980963206939569,0.922208134430957,0.954394574018227,0.712762673070852,0.985413609424706,1.05389714537341,1.02889547811245,0.900475448071874,1.11828801743743,1.00097375561486,1.05847195087193,1.02813551825968,0.985065369346845,1.06027982597392,1.03447884116793,1.0514307418401,1.00465881163328,1.0448720830431,1.06243030121087,0.980226486510602,1.08807574460065,0.943157712862199,0.98493145273408,1.06029344622526,0.995907152269795,0.868529105155893,0.953918237711227,0.0327589467445711,0.888778694115735,1.01592912285079
b422c,1.15134232912285,1.01793571026077,1.02567445137442,1.01033574016201,0.970292070727555,1.08925257606016,0,1.09463255556996,0.94003474887852,1.01432858754799,1.01929627441917,1.03640531940819,1.07586311931499,1.07731479011026,1.0666652000688,1.06632173807865,0.531077224351,1.08963163734543,0.940370383064689,1.04208267574171,1.11276501205144,1.181792601202,1.06428890980799,1.03309420256482,1.02647974069923,1.08322349549136,1.0898263027184,0.877013497044885,1.05591215734869,0.971855091388047,0.960491451412848,1.01133636563443,1.06138737289795,1.01310073445233,1.01842089355813,0.930371983023877,1.00202013633929,1.09302658903967,1.05606271623169,1.04553734867187,1.0023210393099,0.18214139959821,1.08197469751054,0.983921254441168,1.1048323684858,0.968555375419794,0.998911379685244,1.06388433607496,1.00758145487036,1.09693351907372,0.987842637469034,1.00632960837647,0.9429312268518,1.00935534407563,1.00187183612005,0.997993537538803,0.905573060154818,0.973477086645858,1.04114603200687,1.02780273929911,0.993426673607107,1.00418940104626,0.993285739262191,0.985665732555831,1.00447487346549,1.05837561687788,0.959583386869613,0.990079888928119,0.355511363928244,0.968560649682653,1.12494164553199,1.16068059911136,1.00416446809494,0.998568690534563,1.21405825403216,0.991228045689797,0.953375781557361,0.985404951499673,1.03587481113682,1.04040896478368,0.947749198554142,0.995988223563259,0.977198589654693,0.883373625129318,1.02233400495817,0.975785124834301,1.07403347724225,0.939017365094763,0.97817861734833,1.05032256733515,1.10166054773321,1.01680765221797,0.992378342874982,1.07464179227099,1.06377354921953,0.982299543934545,0.969244065976168,1.01828075595316,0.956503121956314,1.0718754879129,1.11961346606643,0.993958872940149,0.94145796370092,1.03875790766829,1.11808023007874,0.968703458962889,1.02847521125363,0.994796960736221,0.953654079973729,0.987129731468008,0.96315975895296,0.99430412391128,1.01445069341295,0.935110646233763,0.998792925979142,0.900179937983391,1.09464976469568,1.05633444213062,1.04429931296863,1.10444606072793,1.0008436051696,1.01454587946112,0.99663937793677,0.932170941404595,0.966029527878301,1.01451069511044,0.935559294389399,1.07363988438336,0.976113074641698,1.02412049991189,1.05952710449614,0.990781504076294,1.04926033423068,1.00825335501975,1.04681932108746,1.02566564264107,0.98612870198849,1.00387683491975,1.10126279928858,0.961659585085634,1.0687690478063,1.01058270701519,1.13748803757416,1.12924907320086,1.07202326825854,0.992568223216747,1.04977022065955,1.08730017874714,0.983574194108907,0.808395700966528,1.01627189207797,1.02432574670242,0.982902249078649,0.971782228081672,0.953557376162242,1.0141558284191,1.07441712318724,0.968627779369548,0.993987764441203,0.979771636423447,0.968259632755695,0.944841386775816,0.957420610068745,1.00017141162682,1.00562951204464,1.02895925616184,0.999505877192919,0.951009398995392,1.06584420714529,0.907575981922036,0.939914940600655,0.987153101461008,1.04653089648759,1.08122261342021,0.842672420116497,0.985143104179304,0.994954326346501,0.947627996214521,0.959434671379225,1.10398095395284,1.03529695663112,0.97138240370686,0.995041923534392,1.07290653119774,0.958013823512932,0.853233076257453,0.948264287903929,0.875173546706693,1.02214996178139,1.06336523835169,1.02674563709281,0.969670308757948,1.09466861326528,1.00109989799279,0.900298166656476,1.03595446664966,1.09189109440585,0.951250069255252,1.08228487359943,1.01250689737541,1.08004481773696,0.869202238237557,0.950414204911532,1.01858280928595,1.05884053667437,1.08497935362071,0.893956960648408
b4a6f,0.919956146688452,0.934109587794262,0.870715040088727,0.495786207978108,0.879424870957977,0.923959346721437,0.884916211914989,1.02788500109629,0.981349250983872,0.961367035355657,1.00695621698561,1.0363043373226,0.982916920816861,0.867899359993078,0.998253652780184,0.939168924822758,1.02177992710035,1.08590353307722,0.987511064121236,0.462637951298307,0.891246968531153,0.925482511834847,0.946883098526316,0.90556160892899,0.926795854685235,0.331924793307681,0.916083631850101,1.01460532393332,0.769175743537399,1.06945278799963,1.07781874732147,0.752664280804411,0.965468171909247,0.965708405899505,0.928333216902664,0.933749766826293,1.0706683603207,0.956468814150351,0.980436223879751,1.05750183087266,1.08395639289166,1.00820511318633,1.00375328657771,0.906531812460127,1.02671936782148,0.746903448659023,0.962870770387824,0.916371276289761,1.0180325155487,1.07062412866373,0.948025587834063,0.806016716537702,1.03142234667223,0.927397731179013,0.980730264971945,0.873663213606671,0.976197038941114,0.96097243018028,1.02838020047404,1.1087533276949,0.978186846395918,0.958032573206214,1.0576079294193,1.01670332513516,0.878303100825219,1.08500167092143,0.988264691698951,0.982937390955773,0.957504582448458,0.953362424217842,1.0207642570102,0.956475975204924,0.907427898112845,1.04555070521019,1.03249981133427,0.851344250508271,1.01504961720768,0.989687925674593,1.01239006418754,0.930047596430748,1.00718950817236,0.990788586899821,1.01386035755609,0.926073848943502,1.0491966367173,0.997693732551932,0.971246776910942,0.986595609340332,0.954953230439795,0.992296506192887,0.952964668980487,0.983749718762647,1.04969241299348,1.10189061034692,1.02503590505352,0.899859904130088,0.912944450062382,0.789400511108062,0.960690984610985,1.00428872602327,1.08801756488946,1.10873910902967,0.743176065477101,1.00935456591159,0.990468007571542,0.973904332123522,0.917149467132602,0.958257760402984,0.922070212710861,0.896546514973839,0.894218484188249,1.04561404452146,1.02151388772242,0.797323942785561,0.974819383758856,1.04016163831476,1.00273463880774,1.01132774056788,0.894632570955754,0.960447293458248,1.01674375021824,1.04505952524467,1.00639860665683,1.11210555565766,0.966318258890534,0.868884200390025,0.97711550776709,0.954748773612953,1.03692621257639,0.986168205216773,1.00570709110764,0.986461364568533,0.967304180160484,0.778939338328691,0.947081988440327,0.851722761675547,0.90738148017273,0.974674179765072,0.860635259887762,0.921225185181688,0.978975567567289,0,0.96551992557242,0.6033190671348,0.991322800504714,0.947997828317172,1.05879280853532,0.0216388733097149,0.81305640660359,1.00609472199976,0.94093662607873,1.03899178200462,0.968167342772622,0.787430302385609,0.895022372132943,0.914766303362704,0.926833454321414,0.978013545893606,0.929312270018217,0.710974678108294,1.05248571710989,0.946083014207748,1.0248225341662,0.853665939557079,0.8310280531507,0.623344124695184,0.508260958611159,0.930723016384306,1.05028794286246,0.891408791017005,1.00447548904461,1.07767557325196,1.0368675935183,0.61347348886767,1.0360111378331,0.94764902973639,0.937437716616067,0.979309379702556,0.914677033138941,0.637338598673472,1.1163170566,0.95823459303642,0.565834612550683,0.112187766010526,1.01039530967351,0.99238432478417,0.962353148630121,0.903131601904226,1.00910207276937,0.910008429022678,0.995357692599868,0.886571830176014
b608f,0.994703246078491,0.970417133376488,0.947616683321765,0.985529803785744,1.01509789491659,0.364691335156578,1.04801850272641,1.0676029718912,0.975157488244259,1.1178193815765,0.944870637508414,0.928094726203432,0.909109158432669,1.07512273443534,1.00290782957759,0.924035859656931,1.01066204217025,1.06121426791241,0.905771271227191,0.975838456053056,0.979431889332982,1.051544744298,0.933290155245754,0.984137048164627,0.950285413476515,1.01852635994364,0.991727023886719,1.08081366208368,1.08079833530353,0.958801807534449,0.996598386313316,0.999334953968309,1.02448924681025,1.04382275942137,0.901392824984171,0.99452962451032,0.987926601814933,1.00855017393236,1.11849459557035,0.863831960271141,0.964713373363728,0.790009621200367,0.912784568319037,0.950746268149219,1.02737627806075,1.00280330811123,1.038777825705,0.939811138067698,1.04564970864002,1.06085092019713,1.04085183293365,0.89131364235121,0.875921883112655,1.0955712788618,0.909421723143932,0.0886999565614422,1.06499539715133,1.02904477305421,0.644139073580507,0.373785998333447,1.00655411356733,1.09558428088588,0.958967985027307,0.952917508001476,1.06476166131307,0.863944743010386,1.04226608677803,0.87297763361384,0.90931053453293,0.983391117982793,0.947448973939104,1.03036522260417,1.03824670473978,0.992275371807222,0.84884889864391,0.898337902068634,1.01566669319012,1.00487029985154,0.965499176303282,0.489839624390227,1.00885184220121,0.986556419113003,1.09896774107636,0.983343374853462,0.930774589395887,1.02492704431155,1.06994842913827,0.555345414389958,1.01558844776817,1.01834564537264,0.914170838110928,0.454573256636713,1.0775872208143,0.968102749956077,0.818284453301829,0.831194652271287,0.189082990326228,0.996566924828011,0.978066127238888,1.01258385777513,1.12970318344845,0.828977095083578,0.978842130312234,0.933401863125622,0.84432833144374,0.937848464557411,1.02548819350561,1.03436613704104,0.738439542330157,1.06061667503222,1.09762904444284,0.48003589541026,0.924392872268726,0.991831277320692,0.970178593551323,0.7691543879948,1.07003491935283,1.00851743357082,0.851437778545911,1.08461784946305,0.79836204189081,0.427156211464233,0.928521736295331,1.11578601575043,1.13654334198393,0.957329312789364,0.880343254136229,1.02121613500644,0.895474711609643,1.09799237811489,1.14362110240608,0.979919860607024,0.82274985709098,0.848954711642426,0.992128280789484,1.01928011939377,0.679316255450004,0.99725498432322,0.897966173916465,1.00899185067599,1.02558242335204,0.795566385096837,0.456272936096983,1.08313274897493,0.88897631661468,1.059213089644,0.802981885907156,1.0393911373507,1.17501659348699,0.938540225590658,0.999231882005187,0.944398665776184,0.902951706954316,0.988491224507567,1.02145912129426,0.921668965396832,0.916064614368465,0.897962085923609,0.914197321344518,0.690190815477551,0.0433315071096225,1.19989114813324,1.09732308590161,1.06599869727173,1.06435900634648,0.850009553658002,0.97287322307034,0.955276996146468,0.999034943160342,0.851239222668407,1.02704862399165,0.824043180037519,0.918610576381269,1.02534664927271,0.867216342264331,1.06467710289254,1.10821347770029,1.09808226072432,1.09224965968721,1.10561765060431,1.0027319517612,1.03421979454858,1.16431700140891,0.789839469745097,1.05410917475108,0.39098628188464,1.00366840153979,1.09925958492801
bd801,1.00154752050876,1.01508893308976,1.04442097321643,0.910223729640824,1.03748180375005,0.869751776124637,0.99053537578955,1.03321198003003,0.996614434591842,1.00652920343721,1.03517796191121,1.07200136690891,0.841952427501048,1.06656296908505,1.09860262981657,1.11931425709036,1.10576866760727,1.05977212079765,1.02441797591508,1.02872033103167,0.917490047627086,0.954616693258845,1.01084016668879,0.992617647039345,1.03238928173946,1.10101711314457,1.01477798902764,0.89181792937525,1.01352051817798,0.998009636550736,1.01599787505288,1.05016793192948,0.97383654187949,0.952709501527111,0.993057244013159,1.04330956033564,1.02491183906959,0.821752618095738,0.0428420564493027,1.03699664485751,0.95399020876592,1.1583035719348,0.954477721074376,0.949891880600761,1.00187151890366,1.10110425688088,0.762015535501052,0.792904513385249,1.03839322324888,1.00024062144049,0.972299940606186,0.969540578066363,1.00828316369162,0.945636544133844,0.980265641903099,1.03778961796728,0.922312525316149,0.983894020452984,0.992052399832604,0.971603673338862,0.99627255935705,1.00707231567719,0.924153532238458,0.939201787278125,1.06680762258767,1.01670137068738,0.961397490739536,1.19296194086653,0.968841230969884,1.05862658242166,1.00433884079802,1.02166876040134,0.886247510578392,0.919603820450852,0.985007920124606,0.910461146615599,0.732633642705197,0.931893991684188,1.05025313680749,1.10062251902435,1.03083057068297,1.01886604405546,1.03743273626542,1.04152033050166,1.02440123604283,1.11284449633355,1.04089019239684,1.03002560987877,1.0052104038183,0,1.03139105526717,1.12417197098113,0.954153385927318,0.951735052753198,1.06784114894628,1.13714033798731,0.942395663262022,1.03904748738625,0.960579643691342,0.982810589707371,0.641266451335895,1.02941529652554,1.03606933416911,0.887320693449395,0.960633261764379,1.10195170060801,0.028408542039096,1.06597335943879,0.935306874708306,1.01076769649316,1.08925752095356,0.896616740315303,0.976392949001924,1.05815893772823,0.917920253200007,0.913515225127807,1.04429292787768,0.956190863525199,1.08279329645846,1.06159206181388,1.12459022065724,1.01305931805065,0.912632125966944,0.0603762276562253,1.07073611643259,1.11901003214429,1.0286083365715,0.534435715398667,0.926995803268162,0.334983817496974,0.974967663418386,0.920415625798191,1.06315913524102,1.04796742168342,1.01418116821654,0.992191709266768,0.96871141699687,0.975976911115018,1.04170411336397,0.948017145960131,1.05083419687978,1.05504417432733,1.00061663200912,1.00747767804675,0.797855946547137,1.03439809695279,0.940920564005025,1.00390713400888,1.10996982000008,0.844211162566705,1.07951563504544,1.02509325814742,0.995944882865726,0.890010472700506,1.09074494931456,1.07998552367055,0.955736410152187,0.992815196334857,0.997296637038868,1.01424494817127,1.04134892363999,0.914076749765614,1.08742615657181,1.00911664126393,0.991623984739209,1.02729042347735,0.997435383002663,0.356312962844334,0.99573410338178,0.896569585402928,1.09786393234741,0.990861616043462,1.02458404067433,0.971523192051315,0.890979129229459,1.14003286602675,0.916921375597002,1.12549960267712,1.04847702220916,0.807660021483462,1.06153709231827,1.04440941202966,0.670802265809502,1.073664137883,1.00708090088876,1.02429026120377,1.09244215793329,0.955876842245067,1.03827240300374,1.01034934464125,1.03327150332026,1.02024697648495,0.975940186987821,0.837174409594285,0.955360077423451,1.08846116738414,1.00695487886937,0.945646878321188,1.04483284244986,0.67131662686553,0.954079807040977,0.871376203687906,0.925110152059993,0.943718707900994,1.01769935380534,1.01006490237324,0.92088050863587,0.859403944798251,1.14833504394008
c39a8,0.650186924207557,0.673518173618536,0.84960653871382,0.448702770624287,0.72503937979812,0.894768419546634,0.483836133565645,0.891977542395414,0.790700098681041,0.907619153849255,0.966454668099406,0.586121663228325,1.01021984892151,0.772751464444923,1.03625654363415,0.850154979118511,0.94830982936965,0.998939327949725,0.844480700177579,0.854666587908999,0.903127338028023,0.753251355394267,0.94021382678796,0.95972501816886,0.980809023173596,0.969038815605935,0.725146484819629,0.990179007746273,0.981833812522979,0.722720880296779,1.05353142283456,0.921974042725465,1.03917628761108,0.931543003190641,0.915331631905729,1.07158325747247,0.946901817395021,0.8779125207056,0.976594074899296,0.943295816459136,1.03284139863944,0.82580974162393,0.899044656090087,1.03499376898872,0.966732145535171,0.972809251553013,0.963225003736142,1.02921000712601,0.855014794836743,1.14834770869801,0.980286750596391,0.944750668663078,0.951983055741344,1.03222284427167,1.02089927996169,1.07701952721028,0.838943249621605,0.855986858514157,0.133141330872455,1.05259213128179,0.915033641135146,0.886610098201796,1.06611532454554,1.00052565938377,1.08742254686899,0.963882092359401,1.05312312142734,1.02065134370054,0.0090768631604926,0.987911933829246,0.933566486016314,0.980260300525185,0.809547463950837,0.976265389376292,1.00103970962195,0.924023116216256,1.09978834384692,1.14239337246983,0.708323072624566,0.995263466361425,0.997500961413364,1.01104652689377,1.27041624689715,0.98648260868978,1.05898021017326,0.983939508918127,1.03939935356933,0.937373725767813,0.985128124930109,0.850643808533243,0.954999198056702,1.07807321205198,1.02614934042505,1.04641174927498,0.913719648402406,0.601548717272384,0.984943614049019,1.04988959736818,1.05041984370978,1.01248127954537,0.811106241453329,0.985545058119473,1.00840225501463,0.614834708765836,0.946656703472444,0.981330604351046,1.02508455872079,1.29078282579978,1.02742913807775,1.00747573800649,1.04063385148793,0.854080974597583,1.11047699930191,0.921803577212288,1.02728071966896,0.977614639437746,0.93435006770962,0.99397251260592,0.996605135163596,1.07705172493762,0.963211748272811,0.896403402857496,0.828734996947052,1.03823678735182,1.01726322342471,0.983176291780547,0.977547101057737,0.971885749432995,0.937385678362753,0.977518927789711,0.930784255570185,0.939627234490376,1.0875164275353,1.01873216863024,0.992286315016068,0.968075186444516,1.10225979142423,0.94460442789888,0.967928478032563,0.75102922989302,0.896857701811325,0.967160299141483,0.941915635385292,1.06010030064263,1.01448586294364,1.08145465952464,1.03479662175922,0.967507488576266,0.974045574906067,0.973314260216239,1.13444812524041,1.01645046318454,0.957859811711291,1.04657868040745,0.970348339275465,0.985815613112387,0.76699984437009,1.04982165684262,0.99610908417536,0.981121491850541,0.962032714106065,0.96591122234966,0.895839823079169,0.955949704212515,0.943498389086939,0.964715594238952,0.942676101187614,0.938699795232948,1.02571810627208,1.03590331086548,0.965851487010908,0.904510411406033,0.992059006324713,1.02706135409421,1.094234954676,0.746465059972415,0.865723286226333,0.952026709453924,0.983703416547836,1.03982587706748,0.883987080393757,1.04239366448687,1.01329211542988,1.12641314924484,1.04780301385569,0.979330766850049,1.01407417198089,0.99347482026098,0.991799160537382,0.946848423128729,1.04802099964456,1.01368076153659,0.902916531645429,1.06798385602982,0.803083467180126,1.02630528165072,0.907200878947895,0.95914153543159,0.938146648199995,0.455275777426484,1.00775014422508,0.973824200521212,0.905538440615895
d17cc,1.09128101926766,1.00506229712076,1.01475700018,1.08616361756527,1.07161692430149,1.04096364165151,1.0236820665219,1.01662444969877,1.05668985199548,1.04706774421031,1.06650239064977,0.973347922292339,1.06772771362915,0.979726359614914,0.979571401874488,0.953355702085694,0.98586277674224,1.043323281786,1.05145865696122,0.992131718923204,1.02876455259073,1.0609329665783,0.977538128518275,1.01639889680064,1.02251889082432,0.956152378761163,1.00610418302511,0.41338429942517,1.0158261120038,0.998346839937586,1.0252851678026,1.12040275283686,0.990112920338236,0.755859997011296,0.22638918347463,0.993630764768971,0.990522922287799,0.956591088554764,1.01071006669724,0.980360957304511,1.03359668210283,1.0245677417156,1.06846888762896,1.03959222180771,0.973943485958921,0.926636337450619,0.989650861102772,1.0027993607697,1.04772687255381,1.05878491365735,1.04403313978944,0.945750393350262,1.03665695685041,1.11293828201242,0.613534503059685,0.863111644686976,1.08889361910665,1.00597281533354,1.06571719803715,1.00806581932443,0.990360156056363,0.967084424172239,1.04833248988561,1.01868617809921,1.10013493816404,0.799332620397318,1.06721190298916,0.981515033238903,1.0175343857929,1.01019350463028,1.06441889281488,1.04337709356187,1.07916422588207,0.943497499388335,1.01423273418452,1.13237342757926,0.994302531988437,1.06371525762184,0.986242254831622,1.07634481914185,0.977713526389088,0.973846636818461,1.0152975938448,1.02858168209017,1.0601594268307,1.07860493631615,1.09066778700303,0.996637371274358,0.993496666333337,0.955570709750653,1.02842978423733,0.999260199002567,0.920872220142394,1.11190011453211,0.997634638493315,1.07096928738064,0.880719379045168,0.931527196831998,1.04923995676462,0.985375190149724,0.873268909785882,0.0151488251812437,0.979398893890838,0.0134539357619459,0.354854469793512
d4912,0.893651909208918,0.873842258814845,0.884809839084058,0.821651099539929,0.911900515963721,1.03874854039231,0.907152682225586,1.06088901690201,1.04906160844816,0.915360355598564,0.603950365834156,0.825028958458712,0.966142031348001,0.237440862924521,0.897936507002945,1.00090259378371,0.980682514067627,0.926500317727068,0.806008489706752,0.768579225617453,0.941460680010824,0.870410413354817,0.694111481982475,1.01482936596458,0.843621226993343,0.861199935000007,1.01848296337417,1.02317748392619,0.714335106084132,0.893062491589472,0.934691510905951,0.985636445068095,0.930842468274048,0.865126630206414,0.98512523424982,0.983454667218882,1.06100887048315,1.02845474583169,0.717509328715305,1.03345266369717,0.99312724237364,0.983253691506973,0.827121300264268,0.758483488459279,0.980440804601759,0.953124542604619,0.911427716973012,0.910777066057993,0.967210431044042,0.251312138096718,0.97174858903215,0.958258336836897,0.90776116176113,0.981905864685324,1.02414711707871,0.897202547646121,0.860459156351552,0.813554079918743,0.94290297280766,0.956042084280006,0.950550140464575,1.05239581724082,0.910214857979142,1.00511460173867,0.952919932488568,0.989284037833726,1.00842990304762,0.922215404233899,0.996241735592721,1.01171925570302,0.833103806143208,0.635892804967284,0.937039687826085,0.986418711988779,0.86940837607714,0.959886405803867,1.038031996637,1.08683898158638,1.06526631162664,0.974793544724432,0.813506919326987,1.02226970147852,0.747479225466863,0.961180462896928,1.02383324401989,0.727004945838194,0.935529044252795,0,0.934217322570491,0.838819127197561,0.98161844694336,0.951065559235641,0.699425943724098,0.963378981386372,0.895448908575595,0.972194648418711,0.8606409931602,0.156201102745927,0.970910233570378,0.937714447900185,0.938743403077169,0.940570545534449,0.528652043610001,0.938064231906428,0.887553823784183,0.902920280656811,0.877342810662828,0.947733365283325,0.974730255647442,0.986573848932968,0.987086960718504,1.06525483235808,0.714601796169775,1.10519857781096,0.907528879079812,1.00196112599186,1.00717965182523,1.06136112539183,1.00077435099615,0.93001549597042,0.907418577837429,0.962990243598649,0.774147350177973,0.801228280401319,0.936166509999299,0.727693059950452,0.971428664623096,0.801380028784082,1.00379304588724,1.03052634513718,1.07556187464131,1.08038474636271,1.01024055573975,0.905734115078129,0.960725203112817,1.05356848919272,1.04108993566528,0.764619295352742,0.973277477116706,0.844430373158178,0.895010474293549,0.980430072800159,0.905424740366143,0.97342494720878,0.924812737133415,1.07708065436569,1.03555263496459,0.932664271134515,0.89405468492032,0.903387183582438,0.945078501763672,0.820649159470096,0.913476567320639,0.920895597708993,0.977627451761516,0.854745559091992,1.01079741166162,0.836340947603345,0.856204412587792,0.975446507415788,0.885180065052431,0.930843932760379,1.03778351311437,1.09259864070707,1.02305064684405,0.0845307644274093,0.553835247954972,0.988369307240017,0.722880229014665,0.905007910166483,0.961103381386257,1.01155398410935,0.926560546750651,0.957759520122925,1.06012341202979,0.845935300979259,0.94548734829753,0.896540280670438,0.94257433516544,1.03112760105037,0.98579514253385,0.991587071377019,1.09269602107955,0.271203833137245,0.921769148145507,1.02260652617846,0.975902081753704,0.868187469043067,0.910264496888444,0.994918841373259,0.844825249182717,0.84464489062856,1.00291484177391,0.927883068867989,0.997098452545253,1.00545419398992,0.985771648082786,0.978067804997915,0.990789499939486,0.868877171872319,0.979389525609687,0.919196996613008,1.0430707239934,0.833237394830971,0.824266341127472,0.829197177550428,0.952276553676516,0.914975546961605,0.877897408100747,0.924057170963185,0.92789344382963,0.836246218667665,0.975744003091767,0.926118319203372,1.10707052688999,1.0119225162513,0.982103231152634,1.06094165272526,0.987821432878988
e1070,0.526569944518193,0.867731274898484,0.979996296688034,0.962154407882516,0.917285260878579,0.975103613697023,0.999647990165308,1.05467770602888,0.883821639087657,1.08961897716261,1.14559244124247,0.678352395658482,1.10962824382894,0.868593515499159,0.926491928570902,0.948084255406751,1.04112050749432,0.926090798579081,0.999956366517867,0.897907608854748,0.988502531354808,0.668912488945711,0.911737722449249,1.0190216125884,0.977872213796494,0.939435555401196,0.993673105669789,0.950036509114112,0.940822635192124,0.46884897741921,0.783093460659568,0.960035380787031,0.864303936325314,0.931211238300967,0.726961796667118,1.05123821776696,0.931009406455874,1.04073136718028,0.924723801621143,1.01289763774455,1.05491789049176,0.998452382539837,0.914117071788194,1.01132544621044,0.98541711982718,0.669238613841312,1.04348690280836,0.976541372771043,0.797677686600513,0.887632014116654,0.996381439940902,0.98128561910667,0.871248841867989,0.933797021306735,0.933438096372541,0.741549316963079,0.963816421059756,0.869755913127209,1.01370185878528,0.943007655555759,0.861464756511272,1.03806506699695,0.91093308017147,1.02371561037182,0.958977456247954,1.01183941009879,0.911143177705688,0.978580555302297,0.893535638844873,1.00526687240637,0.906125281242006,0.0990699618618778,0.891868937400315,0.996654196108556,0.947163841393462,1.0443986925341,0.943356020091152,0.982275387190769,0.991700640671352,1.02587151439758,0.363637722786239,0.350351058107736,0.941495751572074,0.964461536153679,0.969933853710599,0.926969364006946,0.458935166042459,0.597758808275988,0.95625429839269,0.749008410334679,0.977416446833031,0.928881521736658,0.90607889322931,0.0297937195799992,0.999770274716126,1.02225805520701,0.953789294157233,1.00121794192342,0.848370951127631,0.945620750157781,1.06029470902708,0.970921129303469,0.953289435790138,0.837769531682139,0.997880818292199,0.965519986736448,0.89536593298401,0.894475589654817,0.979978533817827,0.959843655423855,0.960455386057857,0.932661155546101,0.896719854878337,0.960509587701652,1.02051642893023,0.962053136830199,0.971124972370408,1.03121960388147,1.04912714933916,0.934505804839757,0.999026421650708,0.922064119493526,0.961513538399154,0.911826292973064,0.972206162108045,0.760163515935939,0.83949922493004,0.908501905795743,0.879932933549993,0.722652531426298,0.908113420189513,0.957403909463481,0.944313879017231,1.03366009803323,0.978674687053264,0.881739490168977,0.902490847319372,1.06238182379628,0.950842197783538,0.797985389223071,0.977416627206064,0.959068881011753,0.978141780821402,1.03514002911178,0.865469167361202,0.937826593073264,1.01549971327778,0.991666129428286,0.923917266417469,0.890672884111673,0.980359797069348,1.01041525237531,1.01924737102392,1.05421607407048,0.973394561486826,0.954057018865882,0.993592105192835,0.982914673566274,0.970445781350372,0.898927777925192,0.995282891075349,1.02504098998668,0.92224180436009,0.977076106579598,1.04095890977777,0.984432784036678,0.870671015517891,0.871325657469751,0.870977291141542,0.957188942545049,0.716554209249805,0.930998071128699,0.925271318616351,0.974349241406934,0.936946600233924,0.881871856023513,0.963185196966585,0.94306317449316,0.981003721335254,0.905000303089226,0.882138658703369,0.881240221618007,0.750100518260843,0.998421897411137,0.765929975469827,0.891926080917428,0.942690669961464,0.988662326379578,0.982427506486705,0.933872528820513,1.01395864385859,1.00359702981258,1.03581659095604,1.05646464739237,0.922931233164738,0.453673344554337,0.876249891887569,0.937580524476527,0.934044205519061,0.979376275878299,0.958973933238105,0.959350355451414,1.02700546973782,0.981276540642838,0.980205423182802,0.956467048118033,0.832765393698056,0.886265723129659,0.951206231472782,1.02236476503852,0.891167272554947,0.519174990433051,0.9679162376153,0.934636289101501,0.709646407174938,0.924474215727707,0.684345502563912,0.969696177732496,0.92686571862179,0.756059883051994,0.84752443113005,0.948842747774225,0.983611344077894,0.921629472975631,0.998873667812157,0.982317545537915,0.973882380797568,0.964418642548348,1.03118852122737,1.02264223161144
e35da,0.951908723637386,0.934433947094848,0.808268584043888,0.976062252588547,0.919796299799565,0.790620767193754,0.964892860449917,0.934498315871505,0.996659021841459,0.900109488392092,0.878520450567714,0.830076970557754,0.874946930507823,0.997998954464684,0.769294226059699,0.947928183528095,0.93393043678721,0.942624591056707,0.832343800998526,0.88736162669038,0.871857887743672,0.952288484361454,0.912444370907951,0.914274540182728,0.810481739017109,0.895424195919978,0.863341858052708,0.973099799473534,0.908264684484921,0.883248644713719,0.920805423158447,1.00142957464589,0.934517452680827,0.407834361720919,0.850091227268052,0.892803176650182,0.911642719991909,0.846217187657344,0.950209608223414,0.83556161330992,0.913545153607779,0.865302617613641,0.849168771153275,0.930473292894649,0.903507917345677,0.965870081526094,0.826286511161241,0.816806614391467,0.910769166147823,0.880819325820514,0.905048086126873,0.922041428154319,0.966088558265338,0.83133160578209,0.877912894324273,0.829773578174544,0.881922355796329,0.839812769165223,0.913360138703706,0.874743271369257,0.927997883336128,0.96859847687398,0.873332992575025,0.862142930241789,0.895117959619718,0.933167835974463,0.716437806113302,0.835797783770784,0.955735801371008,0.842423397855673,0.79166569503533,0.945546340070488,0.88632196959432,0.804406049320069,0.893217696797771,0.878714691883198,0.872166908711114,0.881289711677163,0.779180453857201,0.919762584493933,0.864136948422322,0.931935252322949,0.91375504225758,0.866243694650468,0.92647416648795,0.874394018316361,0.840290532567986,0.795538682272247,0.901675540290016,0.946651873251788,0.881357780138045,0.910528982262492,0.924461191872195,0.832478103667826,0.856122917823976,0.867213632395181,0.870367775623797,0.874715674840917,0.909358135563881,0.881784349732702,0.845044636627276,0.923130953364064,0.9104331148919,0.960170329380617,0.893773122348245,0.848293034156337,0.8834227159253,0.840036060585603,0.988138186180139,0.887872659769644,0.850648814659865,0.816433982062489,0.936477618847961,0.935428752666788,0.983231571395948,0.852891759810815,0.778372184308438,0.953900760730016,0.813339020335785,0.860655977573679,0.910838305982911,0.873127091577115,1.01833890691783,0.950585690188852,0.839911600036954,0.925589193972323,0.867177350141169,0.982601905004785,0.912855076951511,0.830825792244302,0.839781947854425,0.904625400867338,0.90314549032815,0.922415551265209,0.814686361713278,0.959183154050722,0.927116027959709,0.940876791263829,0,0.897994904164896,0,0.973507788511185,0.834634995268364,0.824253898688699
