0304b,0.297760009765625,0.287422895431519,0.296732902526855,0.304804086685181,0.271573066711426,0.263396978378296,0.276455879211426,0.2376868724823,0.272736072540283,0.00802707672119141,0.253041982650757,0.231026172637939,0.304627895355225,0.237520933151245,0.305979013442993,0.270826816558838,0.315983057022095,0.282236099243164,0.27153205871582,0.271733999252319,0.215806007385254,0.274384021759033,0.271636009216309,0.255631923675537,0.241662979125977,0.238312005996704,0.242439031600952,0.291711091995239,0.25246787071228,0.281522035598755,0.271566152572632,0.556772947311401,0.277846097946167,0.341815948486328,0.260771036148071,0.26061487197876,0.252424955368042,0.262709856033325,0.403450012207031,0.272023916244507,0.270303964614868,0.273115873336792,0.272123098373413,0.339200973510742,0.279728889465332,0.304929971694946,0.404751062393188,0.271030902862549,0.298771858215332,0.279291152954102,0.298341035842896,0.270769119262695,0.274091005325317,0.262695074081421,0.263159036636353,0.344162225723267,0.292125940322876,0.248219966888428,0.250781059265137,0.252509832382202,0.26301097869873,0.252053022384644,0.337174892425537,0.25360894203186,0.306421995162964,0.304424047470093,0.271157026290894,0.315686225891113,0.282080888748169,0.411669969558716,0.270612955093384,0.249797105789185,0.294301986694336,0.189275026321411,0.319316864013672,0.241700887680054,0.541105985641479,0.281366109848022,0.30649995803833,0.279974937438965,0.329018115997314,0.293818950653076,0.30662989616394,0.289151906967163,0.510132074356079,0.291827917098999,0.29197096824646,0.304368019104004,0.305528879165649,0.24692177772522,0.276279211044312,0.319972038269043,0.291642904281616,0.286559104919434,0.230798006057739,0.28784704208374,0.281396865844727,0.271923065185547,0.282339811325073,0.256434202194214,0.337929964065552,0.217957019805908,0.33769702911377,0.321643114089966,0.270899057388306,0.308089971542358,0.278865098953247,0.271651029586792,0.251364231109619,0.296818017959595,0.271527051925659,0.239305019378662,0.245281934738159,0.295370101928711,0.306030988693237,0.313764810562134,0.25284218788147,0.250454902648926,0.25010085105896,0.278223991394043,0.323969841003418,0.244086027145386,0.270992040634155,0.249015092849731,0.277574062347412,0.23858904838562,0.244113922119141,0.243056058883667,0.220971822738647,0.269473075866699,0.26274299621582,0.110978126525879,0.00737214088439941,0.257050037384033,0.272433042526245,0.259300947189331,0.29587984085083,0.305160045623779,0.295129060745239,0.326658010482788,0.271359920501709,0.264116048812866,0.288563966751099,0.290961027145386,0.328541994094849,0.230409860610962,0.26137900352478,0.27187705039978,0.271126985549927,0.25042986869812,0.356788873672485,0.224027872085571,0.255941152572632,0.271914958953857,0.293859958648682,0.254552125930786,0.259656190872192,0.296578884124756,0.318057775497437,0.270512104034424,0.261378049850464,0.211411952972412,0.271581888198853,0.262284994125366,0.286300897598267,0.231451988220215,0.261228084564209,0.228543043136597,0.23907995223999,0.327543973922729,0.23737907409668,0.226967811584473,0.26264214515686,0.304138898849487,0.255923986434937,0.240036010742188,0.317249059677124,0.249984979629517,0.274863958358765,0.31955099105835,0.253158092498779,0.25908899307251,0.290894985198975,0.237355947494507,0.263969898223877
06fbf,0.273186206817627,0.255607843399048,0.261614799499512,0.271699905395508,0.252350807189941,0.263738870620728,0.206407070159912,0.245322942733765,0.217406988143921,0.270751953125,0.241046190261841,0.273139953613281,0.242370128631592,0.279436111450195,0.274811983108521,0.215590000152588,0.240001916885376,0.240581035614014,0.210395097732544,0.208763122558594,0.215671062469482,0.223165988922119,0.215436935424805,0.225509166717529,0.27614688873291,0.215031862258911,0.273478984832764,0.284381866455078,0.273098945617676,0.329633951187134,0.244338989257812,0.439589023590088,0.477356910705566,0.272653102874756,0.505344867706299,0.30607795715332,0.252214908599854,0.239001989364624,0.282850980758667,0.222705841064453,0.359090089797974,0.505908966064453,0.293408870697021,0.258782863616943,0.440732002258301,0.246227025985718,0.289336919784546,0.220858812332153,0.222023010253906,0.221308946609497,0.468948125839233,0.250738143920898,0.291184902191162,0.337126016616821,0.257601022720337,0.25993800163269,0.258861064910889,0.273569107055664,0.325685977935791,0.221575975418091,0.306536912918091,0.220016002655029,0.277143955230713,0.270382881164551,0.22158408164978,0.385601997375488,0.215327024459839,0.243777990341187,0.272700071334839,0.262460947036743,0.218825817108154,0.271528005599976,0.271860122680664,0.2225661277771,0.362441062927246,0.240811824798584,0.305474042892456,0.21886682510376,0.281759977340698,0.238606929779053,0.349571943283081,0.215094089508057,0.2815101146698,0.424870014190674,0.442545890808105,0.289026021957397,0.223021984100342,0.260513782501221,0.304214954376221,0.262232065200806,0.237185001373291,0.256659984588623,0.338099002838135,0.223910093307495,0.288690090179443,0.271735906600952,0.22162389755249,0.272011995315552,0.343342065811157,0.470114946365356,0.278985977172852,0.251540899276733,0.224396944046021,0.346994876861572,0.271241188049316,0.231986045837402,0.27090311050415,0.238548994064331,0.431087017059326,0.227152109146118,0.260353088378906,0.240052938461304,0.264147996902466,0.484233140945435,0.213597059249878,0.255871057510376,0.220772981643677,0.271680116653442,0.27171516418457,0.218739986419678,0.212167978286743,0.238944053649902,0.245954036712646,0.282963991165161,0.265069007873535,0.21641206741333,0.238496065139771,0.111408948898315,0.247343063354492,0.15926194190979,0.221015930175781,0.223278045654297,0.2587571144104,0.238559007644653,0.224748849868774,0.256962060928345,0.259952068328857,0.286445140838623,0.229809999465942,0.237289905548096,0.238147020339966,0.3371741771698,0.00814104080200195,0.225304126739502,0.211179971694946,0.248147010803223,0.248156070709229,0.29130220413208,0.22458291053772,0.224080085754395,0.221864938735962,0.230576038360596,0.0233101844787598,0.224905014038086,0.227564096450806,0.374607086181641,0.258220911026001,0.314273118972778,0.288955926895142,0.272310972213745,0.261220932006836,0.22042989730835,0.238090991973877,0.22579288482666,0.176153898239136,0.0737960338592529,0.310533046722412,0.27117395401001,0.225950002670288,0.208333015441895,0.224305868148804,0.217856884002686,0.23845911026001,0.0824670791625977,0.225742816925049,0.273936033248901,0.244835138320923,0.227812051773071,0.251945018768311,0.220605134963989,0.239553928375244,0.205434083938599,0.315531015396118,0.339417934417725,0.212133884429932,0.251466989517212,0.222362995147705,0.221246004104614,0.22373104095459
1f330,0.371198892593384,0.271571159362793,0.305546998977661,0.223469972610474,0.244827032089233,0.454755067825317,0.24551796913147,0.246925830841064,0.256830930709839,0.27068305015564,0.224307060241699,0.271200895309448,0.27341890335083,0.306386947631836,0.404973030090332,0.218123912811279,0.288201808929443,0.246133804321289,0.426251888275146,0.25964093208313,0.46230411529541,0.379963874816895,0.328460931777954,0.238229990005493,0.291786909103394,0.262602090835571,0.273092985153198,0.288846969604492,0.361196041107178,0.228667974472046,0.204588174819946,0.388276815414429,0.18337082862854,0.441677093505859,0.216730117797852,0.242099046707153,0.232659101486206,0.261564970016479,0.245718955993652,0.213069915771484,0.230953931808472,0.522958993911743,0.305269956588745,0.213871955871582,0.345670938491821,0.270637035369873,0.327448129653931,0.38804292678833,0.297600984573364,0.271661043167114,0.248089075088501,0.305276155471802,0.24531102180481,0.271524906158447,0.283183813095093,0.30425500869751,0.25660514831543,0.412312030792236,0.244548082351685,0.221687078475952,0.437721967697144,0.271833896636963,0.154335021972656,0.222434997558594,0.372376918792725,0.3489670753479,0.00737905502319336,0.271559000015259,0.370944976806641,0.347007989883423,0.249690055847168,0.318096160888672,0.257281064987183,0.296303033828735,0.223903894424438,0.238164901733398,0.214951992034912,0.241070985794067,0.215212106704712,0.322962999343872,0.256943941116333,0.139631032943726,0.292941808700562,0.288252115249634,0.322422027587891,0.371156930923462,0.437273025512695,0.173550844192505,0.338037967681885,0.240102052688599,0.369755029678345,0.312901020050049,0.463242053985596,0.276149988174438,0.220077991485596,0.221971988677979,0.262920141220093,0.289450168609619,0.250667095184326,0.356549978256226,0.261951208114624,0.448193073272705,0.223498106002808,0.274402856826782,0.216966867446899,0.371103048324585,0.292910099029541,0.322159051895142,0.253127098083496,0.238178014755249,0.265290975570679,0.210087060928345,0.274039030075073,0.360994100570679,0.286371946334839,0.328595876693726,0.274077892303467,0.31763482093811,0.542722940444946,0.225481986999512,0.337039947509766,0.240166902542114,0.280755996704102,0.222234964370728,0.287376165390015,0.311131954193115,0.271929025650024,0.297192811965942,0.242348194122314,0.226030826568604,0.260339021682739,0.271615028381348,0.224277973175049,0.371757030487061,0.436663150787354,0.317698001861572,0.224591016769409,0.224124908447266,0.346935033798218,0.242624044418335,0.274240016937256,0.254134893417358,0.382875919342041,0.206643104553223,0.237666130065918,0.271887063980103,0.370459079742432,0.273090124130249,0.360855102539062,0.221771955490112,0.323547124862671,0.314785957336426,0.28623104095459,0.338974952697754,0.0126919746398926,0.478899955749512,0.249526977539062,0.252669811248779,0.307244062423706,0.36359715461731,0.273366928100586,0.305279970169067,0.289062023162842,0.337898015975952,0.480545997619629,0.277193069458008,0.273267984390259,0.284974813461304,0.286053895950317,0.264055013656616,0.226632833480835,0.270371913909912,0.189494848251343,0.280700922012329,0.440614938735962,0.321559190750122,0.239460945129395,0.28873085975647,0.322246074676514,0.271940946578979,0.274688005447388,0.276015043258667,0.278527021408081,0.283550024032593,0.353868961334229,0.405668020248413,0.375715017318726,0.288828134536743,0.331232786178589,0.220557928085327,0.150874853134155,0.306135177612305,0.260833024978638,0.272796154022217,0.255321979522705,0.48482608795166,0.274734973907471,0.280049085617065,0.438324928283691,0.392005920410156,0.311918973922729,0.264896869659424,0.239264011383057,0.241263151168823,0.337308883666992,0.237521886825562,0.305898904800415
31fc9,0.291112899780273,0.281497001647949,0.304486989974976,0.412269115447998,0.274467945098877,0.289619207382202,0.304092884063721,0.278597116470337,0.352794170379639,0.277535200119019,0.271178007125854,0.260680913925171,0.291999816894531,0.33082103729248,0.254850149154663,0.258240938186646,0.305152893066406,0.0428609848022461,0.378176927566528,0.250704050064087,0.257500886917114,0.517416954040527,0.256944894790649,0.256411075592041,0.360588073730469,0.23862099647522,0.0281009674072266,0.277388095855713,0.262195110321045,0.287768125534058,0.296338081359863,0.256200790405273,0.262638092041016,0.253936052322388,0.255784034729004,0.270821094512939,0.256361961364746,0.280458927154541,0.245018005371094,0.279680967330933,0.292616844177246,0.291709899902344,0.284411907196045,0.35575795173645,0.165070056915283,0.282059192657471,0.27099084854126,0.272082090377808,0.247878074645996,0.250416994094849,0.273316144943237,0.379514932632446,0.27156400680542,0.240322113037109,0.275964975357056,0.271008968353271,0.249054908752441,0.247790098190308,0.241962909698486,0.338783979415894,0.357384920120239,0.306509971618652,0.309226036071777,0.272365093231201,0.285300016403198,0.246982097625732,0.263027906417847,0.240226030349731,0.290019989013672,0.272104024887085,0.239800930023193,0.337059020996094,0.256623029708862,0.208189964294434,0.260925054550171,0.217107057571411,0.271278142929077,0.278870820999146,0.271852970123291,0.283430099487305,0.245269060134888,0.263810157775879,0.272109985351562,0.260910034179688,0.261630058288574,0.257889986038208,0.252583026885986,0.254441022872925,0.294095039367676,0.259079933166504,0.246717929840088,0.272413015365601,0.240837097167969,0.205777883529663,0.306355953216553,0.25137186050415,0.477545976638794,0.339753866195679,0.275764942169189,0.253748893737793,0.290489912033081,0.279675006866455,0.240674018859863,0.275223970413208,0.278203010559082,0.190320014953613,0.240309000015259,0.240626811981201,0.317552089691162,0.285791158676147,0.230819940567017,0.286933898925781,0.239748954772949,0.24831485748291,0.477366924285889,0.25452184677124,0.24917197227478,0.238409996032715,0.248934030532837,0.0984668731689453,0.451812028884888,0.247790098190308,0.246763944625854,0.257560968399048,0.248544931411743,0.252426862716675,0.274493932723999,0.242753028869629,0.248518943786621,0.258990049362183,0.252909898757935,0.244379997253418,0.250501155853271,0.458274841308594,0.249619960784912,0.242847919464111,0.246097803115845,0.279124975204468,0.231626033782959,0.309791088104248,0.245110034942627,0.238206148147583,0.251268863677979,0.24060320854187,0.241080045700073,0.248226881027222,0.2205650806427,0.275025129318237,0.2463538646698,0.243980884552002,0.263749122619629,0.243207216262817,0.251229047775269,0.293659925460815,0.230726957321167,0.228446960449219,0.226266860961914,0.256472826004028,0.241885900497437,0.240722894668579,0.238660097122192,0.240683078765869,0.435131072998047,0.291229009628296,0.284179925918579,0.239115953445435,0.2586350440979,0.242289781570435,0.256118059158325,0.238423109054565,0.241480112075806,0.254356145858765,0.254072904586792,0.219083070755005,0.254240989685059,0.240900039672852,0.247636079788208,0.193683862686157,0.348813056945801,0.239426136016846,0.271069049835205,0.263669967651367,0.283357858657837,0.217419862747192,0.223752975463867,0.238394021987915,0.272554874420166,0.243558883666992,0.24612021446228,0.249319076538086,0.238536834716797,0.271385908126831,0.229543924331665,0.278181076049805,0.274401903152466,0.244854927062988,0.270817995071411,0.336753129959106,0.250051975250244,0.337805986404419,0.243240833282471,0.242483139038086,0.245700120925903,0.272078990936279,0.296011924743652,0.259876012802124,0.248769998550415,0.271878957748413,0.238250970840454,0.219120979309082
3d5bd,0.356358051300049,0.27097487449646,0.259087085723877,0.271667003631592,0.25636100769043,0.252222061157227,0.252328872680664,0.217844009399414,0.241506099700928,0.239415884017944,0.263972997665405,0.271914005279541,0.271018028259277,0.324366092681885,0.244195938110352,0.252740859985352,0.253112077713013,0.247905015945435,0.441910028457642,0.259310007095337,0.24900221824646,0.409492015838623,0.243067979812622,0.272879123687744,0.243353843688965,0.325225114822388,0.280210018157959,0.246353149414062,0.273606061935425,0.436949968338013,0.245807886123657,0.272160053253174,0.289700031280518,0.303682088851929,0.271700143814087,0.245429992675781,0.251984119415283,0.288141012191772,0.271365880966187,0.271635055541992,0.261992931365967,0.247715950012207,0.245370864868164,0.256593942642212,0.448322057723999,0.22969388961792,0.254456043243408,0.505868911743164,0.304111957550049,0.25665283203125,0.339365005493164,0.242552995681763,0.261674880981445,0.240815877914429,0.264520168304443,0.272481918334961,0.258894205093384,0.271584987640381,0.245126008987427,0.284785032272339,0.317084074020386,0.245102882385254,0.244112968444824,0.255548000335693,0.264299869537354,0.324128150939941,0.31171703338623,0.316788911819458,0.270637989044189,0.290998935699463,0.387593984603882,0.339640855789185,0.259315013885498,0.289741992950439,0.459962129592896,0.531332015991211,0.328609943389893,0.284543991088867,0.417392015457153,0.319178819656372,0.484145164489746,0.328656911849976,0.293209791183472,0.479953050613403,0.373887062072754,0.391118049621582,0.237597942352295,0.271785020828247,0.406722784042358,0.390580177307129,0.251296997070312,0.296756029129028,0.3197181224823,0.241191148757935,0.29263710975647,0.255402088165283,0.258569002151489,0.270736932754517,0.29085111618042,0.306655883789062,0.262093067169189,0.245450973510742,0.305321931838989,0.238822937011719,0.244869947433472,0.260057210922241,0.319406032562256,0.205258846282959,0.305138111114502,0.275083065032959,0.238871812820435,0.273247003555298,0.261267185211182,0.358293056488037,0.306446075439453,0.252210140228271,0.272850036621094,0.230098009109497,0.244258165359497,0.25832986831665,0.245205879211426,0.2500319480896,0.251101970672607,0.218354940414429,0.272069931030273,0.255347967147827,0.226752042770386,0.248485803604126,0.251516103744507,0.242599010467529,0.260475158691406,0.271044969558716,0.257922172546387,0.2466139793396,0.226163864135742,0.240040063858032,0.229300022125244,0.239168167114258,0.223451852798462,0.19141411781311,0.247404098510742,0.240564107894897,0.238926887512207,0.256847858428955,0.437091827392578,0.251420974731445,0.255510091781616,0.244545936584473,0.246178865432739,0.243900060653687,0.251628160476685,0.244418144226074,0.196743965148926,0.238847970962524,0.217647075653076,0.204739093780518,0.243639945983887,0.245507955551147,0.239337921142578,0.242900133132935,0.240535974502563,0.239403963088989,0.239488840103149,0.239962100982666,0.271414041519165,0.272659063339233,0.259073972702026,0.306167125701904,0.22788405418396,0.238608837127686,0.252448081970215,0.239806890487671,0.247580051422119,0.263572931289673,0.187640190124512,0.249612092971802,0.24372386932373,0.250371932983398,0.241173982620239,0.251150131225586,0.259848833084106,0.25941801071167,0.254880905151367,0.277642011642456,0.229205846786499,0.238935947418213,0.241734027862549,0.251325130462646,0.248994112014771,0.23911714553833,0.243934869766235,0.249285936355591,0.271651983261108,0.246036052703857,0.247459888458252,0.221333026885986,0.239157199859619,0.239251852035522,0.256846189498901,0.260519981384277,0.249197006225586
427fc,0.306430101394653,0.323328971862793,0.394929885864258,0.277113914489746,0.339988946914673,0.274305105209351,0.329997062683105,0.318763017654419,0.308937072753906,0.281420946121216,0.276353120803833,0.321117877960205,0.303687810897827,0.277254819869995,0.294094800949097,0.305145978927612,0.271130084991455,0.359277963638306,0.290070056915283,0.374125957489014,0.363161087036133,0.293584108352661,0.282259941101074,0.255038976669312,0.343723058700562,0.295717000961304,0.311972856521606,0.356075048446655,0.305014848709106,0.286538124084473,0.361158847808838,0.254145860671997,0.305937051773071,0.305592060089111,0.304714918136597,0.341223955154419,0.337912082672119,0.305757999420166,0.274497985839844,0.415653944015503,0.279192924499512,0.271748065948486,0.310452938079834,0.316313982009888,0.337604999542236,0.327855110168457,0.287657976150513,0.319509029388428,0.306772947311401,0.338521957397461,0.536082983016968,0.283064842224121,0.305063962936401,0.354759931564331,0.506170034408569,0.304602146148682,0.275995969772339,0.34073805809021,0.328880071640015,0.31540584564209,0.317561864852905,0.285291910171509,0.370238065719604,0.312659025192261,0.338210821151733,0.336900949478149,0.297159194946289,0.304141044616699,0.25888204574585,0.294396162033081,0.425475835800171,0.315309047698975,0.344401121139526,0.372977018356323,0.338661909103394,0.309904813766479,0.272987127304077,0.281171083450317,0.256306886672974,0.28987193107605,0.337752103805542,0.28864598274231,0.26983380317688,0.250015020370483,0.280974864959717,0.457073926925659,0.24901294708252,0.293174028396606,0.271626949310303,0.285708904266357,0.255192995071411,0.259645938873291,0.259395122528076,0.265633821487427,0.283447027206421,0.280951023101807,0.277350902557373,0.244446992874146,0.276664018630981,0.273441076278687,0.303315162658691,0.263123035430908,0.261162042617798,0.263903856277466,0.277466058731079,0.257162809371948,0.278151988983154,0.261461019515991,0.27095103263855,0.275800943374634,0.270495176315308,0.311681985855103,0.288835048675537,0.270756006240845,0.247087955474854,0.00744199752807617,0.270678043365479,0.224012851715088,0.248651027679443,0.279533863067627,0.256242036819458
49c3b,0.243989944458008,0.228955030441284,0.288048982620239,0.285455942153931,0.275485992431641,0.215903043746948,0.217290163040161,0.238585948944092,0.404132843017578,0.272655010223389,0.275331974029541,0.155853986740112,0.514975070953369,0.223049163818359,0.283655881881714,0.215091943740845,0.275115013122559,0.228926181793213,0.215237855911255,0.227330923080444,0.271378993988037,0.218585014343262,0.221281051635742,0.348940849304199,0.178469896316528,0.216551065444946,0.381317138671875,0.225058078765869,0.224308013916016,0.214395046234131,0.220688104629517,0.225919008255005,0.296144008636475,0.259342193603516,0.226752042770386,0.220728874206543,0.21427321434021,0.25442099571228,0.228392124176025,0.218501091003418,0.222157001495361,0.1631760597229,0.344764947891235,0.284398078918457,0.220360040664673,0.271003007888794,0.211503028869629,0.53811502456665,0.404263973236084,0.221498966217041,0.257325172424316,0.212955951690674,0.207142114639282,0.253048896789551,0.28705096244812,0.221660137176514,0.223569869995117,0.21985912322998,0.237003803253174,0.229274988174438,0.215529918670654,0.23841404914856,0.271649122238159,0.276657104492188,0.24142599105835,0.213018178939819,0.239451169967651,0.22925591468811,0.207926034927368,0.220285177230835,0.246936082839966,0.260868072509766,0.308021068572998,0.456271886825562,0.260493040084839,0.207677125930786,0.271500110626221,0.327666044235229,0.225369930267334,0.212595224380493,0.239836931228638,0.307897090911865,0.245353937149048,0.218236923217773,0.220362186431885,0.242635011672974,0.238773107528687,0.230976819992065,0.205202102661133,0.251425981521606,0.225141048431396,0.217516899108887,0.249665975570679,0.273181915283203,0.220426082611084,0.208394050598145,0.216758966445923,0.216972827911377,0.229978084564209,0.226556062698364,0.247172117233276,0.270220041275024,0.228693008422852,0.210082054138184,0.216808080673218,0.253765106201172,0.210829973220825,0.239040851593018,0.208949089050293,0.238609075546265,0.258880138397217,0.211138963699341,0.219098806381226,0.240754127502441,0.131459951400757,0.213975191116333,0.218425035476685,0.214972972869873,0.210407972335815,0.217299938201904,0.222891092300415,0.222914934158325,0.216347932815552,0.228300094604492,0.213007926940918,0.272594213485718,0.21479606628418,0.21159815788269,0.271456956863403,0.14266300201416,0.22337818145752,0.215726137161255,0.219295978546143,0.271192789077759,0.305813074111938,0.213948011398315,0.238436937332153,0.209226131439209,0.298012018203735,0.216438055038452,0.240825891494751,0.245132923126221,0.246116876602173,0.215282917022705,0.224958896636963,0.205229043960571,0.181051015853882,0.172883987426758,0.208100080490112,0.219656944274902,0.40320897102356,0.172506093978882,0.216436862945557,0.222480058670044,0.221457004547119,0.21383810043335,0.389394998550415,0.229196071624756,0.210774898529053,0.221789836883545,0.242549180984497,0.209264993667603,0.280011177062988,0.210619926452637,0.239229202270508,0.194912910461426,0.228815078735352,0.205511093139648,0.209866046905518,0.217301845550537,0.272547006607056,0.237952947616577,0.210376977920532,0.263972997665405,0.303989887237549,0.217634916305542,0.215692043304443,0.211817026138306,0.244985103607178,0.223590850830078,0.223078966140747,0.20592999458313,0.219204902648926,0.213689088821411,0.229165077209473,0.253951072692871,0.209911823272705,0.221310138702393,0.225015163421631,0.209932088851929,0.210597991943359,0.238062858581543,0.216536998748779,0.239536046981812,0.196987867355347,0.231012105941772,0.21353816986084,0.207663059234619,0.206759929656982,0.218882083892822,0.219368934631348,0.220726013183594,0.218322992324829,0.224786996841431,0.239382982254028,0.215743064880371,0.220149993896484,0.116324901580811,0.210797071456909,0.211725950241089,0.224634170532227,0.217590808868408,0.288007020950317,0.291070938110352
547cb,0.263733863830566,0.230717182159424,0.251893043518066,0.237958192825317,0.206738948822021,0.221244812011719,0.216595888137817,0.254526853561401,0.270562887191772,0.215526819229126,0.238863945007324,0.2306067943573,0.223220109939575,0.27015495300293,0.215046882629395,0.222938060760498,0.227670907974243,0.225212812423706,0.238483905792236,0.205010175704956,0.219266891479492,0.213326930999756,0.217003107070923,0.30672812461853,0.239691019058228,0.21648383140564,0.213444948196411,0.23867392539978,0.22735595703125,0.175194025039673,0.213188886642456,0.260900020599365,0.261085033416748,0.22315502166748,0.242185115814209,0.224488019943237,0.239265918731689,0.23912501335144,0.224672079086304,0.252313137054443,0.212613105773926,0.158058166503906,0.251140832901001,0.225082874298096,0.218008995056152,0.260338068008423,0.227832078933716,0.251126050949097,0.216100931167603,0.229449987411499,0.220215082168579,0.258368968963623,0.231619834899902,0.245098114013672,0.246845960617065,0.226361036300659,0.239526033401489,0.223005056381226,0.222917079925537,0.275570869445801,0.225722789764404,0.241783857345581,0.214591026306152,0.239578008651733,0.418996810913086,0.209253072738647,0.237258195877075,0.205043077468872,0.271600008010864,0.256433963775635,0.259588956832886,0.218772888183594,0.262755870819092,0.224822998046875,0.213303089141846,0.352769136428833,0.249130010604858,0.338261127471924,0.25364089012146,0.139661073684692,0.221973896026611,0.250358104705811,0.236740112304688,0.218094110488892,0.215584993362427,0.222637891769409,0.258064985275269,0.224515914916992,0.244854927062988,0.271379947662354,0.284313917160034,0.239139080047607,0.24576997756958,0.264624118804932,0.271100997924805,0.227330207824707,0.225343942642212,0.211727857589722,0.290996074676514,0.225525140762329,0.219543933868408,0.391685009002686,0.225851058959961,0.215671062469482,0.208694934844971,0.284587144851685,0.242307901382446,0.247183084487915,0.255104064941406,0.399494886398315,0.212797880172729,0.251902103424072,0.273476839065552,0.237618923187256,0.251019954681396,0.229150056838989,0.247828960418701,0.250744104385376,0.253669023513794,0.256942987442017,0.250838994979858,0.248264789581299,0.250927925109863,0.240391969680786,0.227388858795166,0.25271201133728,0.220640182495117,0.260299921035767,0.250326871871948,0.205488920211792,0.22568678855896,0.260613203048706,0.229594230651855,0.262769937515259,0.231077194213867,0.260794878005981,0.245191097259521,0.23928689956665,0.240072011947632,0.24750804901123,0.24541711807251,0.237972021102905,0.240205049514771,0.217833042144775,0.247702836990356,0.227498054504395,0.214787006378174,0.320704936981201,0.257452011108398,0.239824056625366,0.231312990188599,0.219374895095825,0.254352807998657,0.208920001983643,0.253077983856201,0.246970176696777,0.289286136627197,0.238694906234741,0.220654010772705,0.239515066146851,0.220998048782349,0.172688007354736,0.217368125915527,0.238363027572632,0.21487283706665,0.402225971221924,0.178766012191772,0.28416895866394,0.285108089447021,0.284248828887939,0.256247043609619,0.436717987060547,0.248230934143066,0.273026943206787,0.263456106185913,0.215142011642456,0.237154960632324,0.243475914001465,0.237689018249512,0.240619897842407,0.23741888999939,0.409598112106323,0.242802858352661,0.224852800369263,0.239936113357544,0.263122081756592,0.273614883422852,0.271407127380371,0.224783897399902,0.239952087402344
57548,0.370318174362183,0.308600902557373,0.260004043579102,0.337265014648438,0.285026073455811,0.321878910064697,0.271118879318237,0.321460008621216,0.244863033294678,0.271894216537476,0.248950004577637,0.282202005386353,0.250524044036865,0.273171901702881,0.282624006271362,0.245036125183105,0.323302984237671,0.276071071624756,0.246954917907715,0.244209051132202,0.25346302986145,0.296996831893921,0.309841156005859,0.5002601146698,0.271148920059204,0.258423089981079,0.210283994674683,0.272294998168945,0.310863971710205,0.237905979156494,0.317260980606079,0.238664865493774,0.271090984344482,0.337280035018921,0.205896139144897,0.227733135223389,0.271260023117065,0.248074054718018,0.322604894638062,0.240062952041626,0.251842975616455,0.249040842056274,0.256297826766968,0.264917135238647,0.309342861175537,0.258074045181274,0.24919319152832,0.240959167480469,0.23801589012146,0.249743938446045,0.29560399055481,0.26133394241333,0.338862180709839,0.30693793296814,0.314785957336426,0.43889307975769,0.438176870346069,0.271974086761475,0.512578964233398,0.277859926223755,0.311452150344849,0.250798940658569,0.305940866470337,0.282970905303955,0.292891025543213,0.243348121643066,0.278975009918213,0.26195216178894,0.321171045303345,0.328023910522461,0.241910934448242,0.286091804504395,0.250676870346069,0.238751888275146,0.213191986083984,0.295534133911133,0.211745023727417,0.251708030700684,0.248748064041138,0.23848819732666,0.271210908889771,0.272897958755493,0.305953025817871,0.345168828964233,0.238506078720093,0.313300132751465,0.244645118713379,0.257005929946899,0.320466995239258,0.271667003631592,0.370849847793579,0.250252962112427,0.317134857177734,0.282289981842041,0.304615020751953,0.274697065353394,0.251724004745483,0.328824996948242,0.315253019332886,0.512939929962158,0.264151096343994,0.209591150283813,0.286478042602539,0.239240884780884,0.182836055755615,0.296087026596069,0.254685163497925,0.248791933059692,0.289110898971558,0.248738050460815,0.249343156814575,0.26278281211853,0.316614866256714,0.306511878967285,0.253015995025635,0.222749948501587,0.375337839126587,0.272969961166382,0.238878965377808,0.273761034011841,0.371173858642578,0.105839967727661,0.263171911239624,0.276692152023315,0.306930065155029,0.238683938980103,0.290312051773071,0.265745162963867,0.257907152175903,0.220753908157349,0.240806102752686,0.271500110626221,0.337722063064575,0.231489896774292,0.263647079467773,0.337197065353394,0.217139005661011,0.294593095779419,0.255646944046021,0.321311950683594,0.237794876098633,0.208913087844849,0.310133934020996,0.15195894241333,0.250010967254639,0.245763063430786,0.259033203125,0.519263029098511,0.281850099563599,0.450744867324829,0.246017932891846,0.258105993270874,0.243698835372925,0.281797885894775,0.217066049575806,0.253873109817505,0.261837959289551,0.247020959854126,0.261388063430786,0.125180959701538,0.273155927658081,0.22745418548584
6de95,0.559209823608398,0.469008922576904,0.282372951507568,0.29079008102417,0.238332033157349,0.227221965789795,0.288655996322632,0.217463970184326,0.243180990219116,0.253766059875488,0.215512990951538,0.243161916732788,0.309181928634644,0.239232063293457,0.239427089691162,0.261053085327148,0.357415914535522,0.250144004821777,0.250336170196533,0.325605154037476,0.211814880371094,0.22514796257019,0.251337051391602,0.24073600769043,0.257254123687744,0.225308179855347,0.30942702293396,0.211771965026855,0.342083930969238,0.238354921340942,0.224997043609619,0.260242938995361,0.270457983016968,0.270671844482422,0.449340105056763,0.363898992538452,0.283521175384521,0.273416042327881,0.244245052337646,0.270928144454956,0.277652978897095,0.231934785842896,0.242522954940796,0.230833053588867,0.243070125579834,0.264263868331909,0.239145994186401,0.282785892486572,0.256483793258667,0.254525899887085,0.256556034088135,0.249729156494141,0.279692888259888,0.349921941757202,0.217721939086914,0.218456029891968,0.230889797210693,0.22170090675354,0.271384954452515,0.2602219581604,0.230020999908447,0.221697092056274,0.277398824691772,0.259081125259399,0.204566955566406,0.248981952667236,0.278114080429077,0.246482849121094,0.276125907897949,0.276165962219238,0.271516084671021,0.22706413269043,0.227735042572021,0.325533866882324,0.226683855056763,0.314872980117798,0.238507986068726,0.242280006408691,0.272102117538452,0.238544940948486,0.279543161392212,0.253099918365479,0.250277996063232,0.238439083099365,0.239819049835205,0.260964870452881,0.305377960205078,0.24402379989624,0.253536939620972,0.217285871505737,0.239373922348022,0.304221868515015,0.238259077072144,0.258626937866211,0.305299997329712,0.226169109344482,0.22446608543396,0.224494934082031,0.248233795166016,0.238618135452271,0.250485897064209,0.23806095123291,0.254908084869385,0.238981962203979,0.315114974975586,0.210998058319092,0.226724147796631,0.237286806106567,0.276021957397461,0.255043029785156,0.248439073562622,0.23061990737915,0.346966028213501,0.246690034866333,0.225353002548218,0.0148530006408691,0.254599094390869,0.239350080490112,0.216983079910278,0.237744092941284,0.223785877227783,0.253500938415527,0.287385940551758,0.229666948318481,0.272515058517456,0.181828022003174,0.239048957824707,0.205260038375854,0.316653966903687,0.246472835540771,0.215090036392212,0.22575306892395,0.292517900466919,0.222522020339966,0.261051177978516,0.238346099853516,0.222676992416382,0.302756071090698,0.271423101425171,0.242799997329712,0.217412948608398,0.222763061523438,0.254869937896729,0.282685041427612,0.204683065414429,0.22550892829895,0.226237058639526,0.227290153503418,0.239109992980957,0.243647813796997,0.213818073272705,0.271217107772827,0.317827939987183,0.258238077163696,0.297562122344971,0.149425029754639,0.249444961547852,0.242698907852173,0.262501001358032,0.286302089691162,0.22355318069458,0.223586082458496,0.23838996887207,0.21841287612915,0.243881940841675,0.207880020141602,0.279229164123535,0.270756959915161,0.249084949493408,0.188062906265259,0.329323053359985,0.294430017471313,0.253561973571777,0.309168100357056,0.237939834594727,0.251370906829834,0.295608043670654,0.237845182418823,0.237982034683228,0.238284826278687,0.22012186050415,0.226008892059326,0.223642826080322,0.243178129196167,0.321774005889893,0.227380990982056,0.270503044128418,0.239068031311035,0.264268159866333,0.224371910095215,0.210211992263794,0.23996901512146,0.239009141921997,0.250247001647949,0.293087005615234,0.149780035018921,0.226416110992432,0.208302974700928,0.230771064758301,0.19321084022522,0.218179941177368,0.23887300491333,0.238801002502441,0.224404811859131,0.186904907226562,0.382706880569458,0.193963050842285,0.249499082565308,0.276892900466919,0.317753076553345,0.489305973052979,0.239223957061768
7a44c,0.263022899627686,0.245759010314941,0.243982791900635,0.2325119972229,0.220843076705933,0.248301029205322,0.231039047241211,0.231456995010376,0.225960969924927,0.212887048721313,0.214432954788208,0.220294952392578,0.206974983215332,0.228844165802002,0.253715038299561,0.24620795249939,0.205275058746338,0.240559101104736,0.205491065979004,0.217133045196533,0.240578889846802,0.205584049224854,0.240013837814331,0.222257137298584,0.207106113433838,0.19864821434021,0.218036890029907,0.241274833679199,0.244767904281616,0.220357894897461,0.251597166061401,0.313637971878052,0.256588935852051,0.227612972259521,0.23908519744873,0.244723081588745,0.249438047409058,0.209893941879272,0.154698133468628,0.227988004684448,0.222147941589355,0.231353044509888,0.271759986877441,0.21511697769165,0.23816704750061,0.209848880767822,0.24070405960083,0.272516965866089,0.238226175308228,0.243067979812622,0.246754884719849,0.213034152984619,0.24220609664917,0.205477952957153,0.226520776748657,0.180414915084839,0.239301919937134,0.211398124694824,0.171940088272095,0.237687110900879,0.239500999450684,0.190086126327515,0.215809106826782,0.249079942703247,0.214791774749756,0.221902132034302,0.217281103134155,0.228187084197998,0.216408014297485,0.239236116409302,0.228960037231445,0.239408016204834,0.174589157104492,0.2376389503479,0.214290857315063,0.210678815841675,0.275760889053345,0.208805084228516,0.0982520580291748,0.211250066757202,0.195036172866821,0.213910102844238,0.197425127029419,0.20959997177124,0.218394994735718,0.184015989303589,0.218807935714722,0.248223066329956,0.2085120677948,0.223433971405029,0.191873788833618,0.221901178359985,0.22211217880249,0.224963903427124,0.221040010452271,0.219146966934204,0.253709077835083,0.285242080688477,0.22332501411438,0.191438913345337,0.223139047622681,0.238218784332275,0.187583923339844,0.229582786560059,0.210479974746704,0.213567018508911,0.223045825958252,0.226590156555176,0.189429044723511,0.271339893341064,0.211009979248047,0.2098228931427,0.238352060317993,0.208417177200317,0.221555948257446,0.271169900894165,0.216230869293213,0.165710926055908,0.176370859146118,0.221837043762207,0.262176990509033,0.210002899169922,0.217674016952515,0.215974092483521,0.221583127975464,0.225796937942505,0.186241865158081,0.240791082382202,0.230052947998047,0.23269510269165,0.180659055709839,0.210251092910767,0.220100879669189,0.213315010070801,0.227993965148926,0.218754053115845,0.222914218902588,0.239248991012573,0.220768928527832,0.208614110946655,0.204807996749878,0.172482013702393,0.238380908966064,0.220499038696289,0.219799041748047,0.239495992660522,0.221014976501465,0.237779140472412,0.227907180786133,0.215106010437012,0.220659017562866,0.210048913955688,0.22447395324707,0.239392042160034,0.205848932266235,0.222830057144165,0.215775966644287,0.21301007270813,0.243303060531616,0.214584112167358,0.229022026062012,0.20785117149353,0.229099988937378,0.221553087234497,0.21929407119751,0.219633102416992,0.185281991958618,0.225590944290161,0.279083013534546,0.20792293548584,0.216785907745361,0.238702058792114,0.228935956954956,0.236908912658691,0.21682596206665,0.218786001205444,0.221641063690186,0.238319873809814,0.211606979370117,0.225126981735229,0.171815872192383,0.208719968795776,0.206949949264526,0.220021963119507,0.212151050567627,0.205043077468872,0.194213151931763,0.2308509349823,0.205599069595337,0.226618051528931,0.238126039505005,0.163901090621948,0.2083740234375,0.239193916320801,0.238204956054688,0.214702844619751,0.18358588218689,0.213201999664307,0.21047306060791,0.225512027740479,0.226254940032959,0.172226905822754,0.209013938903809,0.226684093475342,0.216618061065674,0.212178945541382,0.227450847625732,0.217910051345825,0.206840038299561,0.224649906158447,0.205003023147583,0.205657958984375
8b747,0.304640054702759,0.272763967514038,0.33794093132019,0.224256038665771,0.261924982070923,0.292970180511475,0.227506160736084,0.270874977111816,0.32325005531311,0.3438720703125,0.338610887527466,0.254388093948364,0.28184700012207,0.34451699256897,0.271210908889771,0.280332088470459,0.291996002197266,0.243546009063721,0.272592782974243,0.352121829986572,0.305221796035767,0.258968114852905,0.341470956802368,0.279493093490601,0.309130907058716,0.280941009521484,0.25981593132019,0.254772901535034,0.259129047393799,0.260676860809326,0.348901033401489,0.237707138061523,0.224212169647217,0.271975994110107,0.246068954467773,0.282915830612183,0.413104057312012,0.1751868724823,0.303606033325195,0.241238117218018,0.33676815032959,0.258914947509766,0.239087820053101,0.250651121139526,0.223196029663086,0.244332075119019,0.289518117904663,0.328541040420532,0.283202886581421,0.279025793075562,0.276051998138428,0.264722108840942,0.205661058425903,0.281780004501343,0.310233116149902,0.271694898605347,0.251864910125732,0.244211912155151,0.351203918457031,0.225992202758789,0.239040851593018,0.271878004074097,0.247283935546875,0.497813940048218,0.307388067245483,0.260907888412476,0.272310972213745,0.215790033340454,0.251388072967529,0.211123943328857,0.296862125396729,0.265254974365234,0.238532066345215,0.337211132049561,0.326574087142944,0.289927959442139,0.255228042602539,0.239112854003906,0.259723901748657,0.271849870681763,0.271221876144409,0.304497957229614,0.239650964736938,0.238163948059082,0.214702129364014,0.248785018920898,0.525912046432495,0.240998983383179,0.369765996932983,0.20475697517395,0.282871961593628,0.248358011245728,0.253422021865845,0.256652116775513,0.226531028747559,0.28099799156189,0.246192932128906,0.211429119110107,0.238103866577148,0.272413969039917,0.273272037506104,0.272839069366455,0.273697853088379,0.22160005569458,0.205164194107056,0.239537000656128,0.126541137695312,0.105914115905762,0.229302167892456,0.250988960266113,0.271847009658813,0.248792171478271,0.281056880950928,0.238585948944092,0.320807933807373,0.250956058502197,0.2430260181427,0.241629123687744,0.426874876022339,0.257284879684448,0.220300912857056,0.271972894668579,0.255589008331299,0.29537296295166,0.244493007659912,0.272488832473755,0.231467962265015,0.237054109573364,0.224524021148682,0.223112821578979,0.238329887390137,0.215381145477295,0.244576930999756,0.289790153503418,0.275930881500244,0.187770843505859,0.238127946853638,0.228266000747681,0.264298915863037,0.276727914810181,0.249453067779541,0.239157915115356,0.276604890823364,0.222059965133667,0.240262031555176,0.257488965988159,0.253836870193481,0.258574962615967,0.242373943328857,0.221091985702515,0.239397048950195,0.227622985839844,0.454796075820923,0.307076930999756,0.243197202682495,0.246771097183228,0.274648189544678,0.284094095230103,0.228532791137695,0.238142013549805,0.222670078277588,0.30426812171936,0.270341157913208,0.28681206703186,0.209732055664062,0.262649059295654,0.319594860076904,0.305127143859863,0.246507167816162,0.24592399597168,0.231950044631958,0.24445104598999,0.251238107681274,0.111107110977173,0.239910125732422,0.260004997253418,0.290728092193604,0.24157190322876,0.251818895339966,0.26154613494873,0.293708801269531,0.245822191238403,0.139511108398438,0.277194976806641,0.23828387260437,0.276032209396362,0.246791124343872,0.304899215698242,0.252268075942993,0.256699085235596,0.240108966827393,0.256839036941528,0.218484878540039,0.276494026184082,0.250367164611816,0.186471939086914,0.237685918807983,0.243178129196167,0.262280941009521,0.245210886001587,0.274373054504395,0.253806114196777,0.249611139297485,0.264786005020142,0.248296976089478,0.255500078201294,0.256887912750244,0.262760162353516
a314d,0.240736961364746,0.402472019195557,0.252904176712036,0.339761018753052,0.363621950149536,0.274492025375366,0.218683004379272,0.324266195297241,0.336996078491211,0.274595022201538,0.336829900741577,0.252729177474976,0.177244901657104,0.25749397277832,0.145408868789673,0.229685068130493,0.353044986724854,0.221115112304688,0.217069864273071,0.272855043411255,0.252722978591919,0.252324104309082,0.244352102279663,0.287514925003052,0.374776840209961,0.110074043273926,0.260347127914429,0.127377033233643,0.244466066360474,0.218362092971802,0.242280006408691,0.110324859619141,0.222708940505981,0.238784074783325,0.24137806892395,0.247463941574097,0.226006031036377,0.194292783737183,0.250448942184448,0.242671012878418,0.0521831512451172,0.210470914840698,0.0944719314575195,0.239570140838623,0.215042114257812,0.387466907501221,0.225912094116211,0.248507022857666,0.229740142822266,0.226830005645752,0.227361917495728,0.272257089614868,0.253554105758667,0.257412910461426,0.338894128799438,0.227890014648438,0.239567995071411,0.24744701385498,0.244652986526489,0.238605976104736,0.229167938232422,0.239434957504272,0.23993706703186,0.205581188201904,0.218351125717163,0.24907398223877,0.255167961120605,0.240010023117065,0.256037950515747,0.230474948883057,0.281274795532227,0.208005905151367,0.238557100296021,0.351368188858032,0.228484153747559,0.242748975753784,0.347067832946777,0.239425897598267,0.244625091552734,0.241544008255005,0.238564014434814,0.510315895080566,0.216599941253662,0.22690486907959,0.525035858154297,0.324737071990967,0.230057001113892,0.319993019104004,0.250272989273071,0.237339973449707,0.225288152694702,0.214853048324585,0.271707057952881,0.4894118309021,0.238499879837036,0.209261894226074,0.222810029983521,0.123179912567139,0.224013090133667,0.238677978515625,0.259428977966309,0.0155870914459229,0.272742986679077,0.258702039718628,0.308557987213135,0.217220067977905,0.220015048980713,0.262012958526611,0.23863410949707,0.256072998046875,0.227847099304199,0.24039888381958,0.193120956420898,0.252748012542725,0.405565977096558,0.207726001739502,0.275754928588867,0.426401138305664,0.273180961608887,0.321138143539429,0.206122159957886,0.226931810379028,0.502743005752563,0.337993860244751,0.338836908340454,0.224426984786987,0.226530075073242,0.237777948379517,0.208211898803711,0.147643804550171,0.373800992965698,0.257160902023315,0.22632098197937,0.221321105957031,0.237840175628662,0.191438913345337,0.142357110977173,0.240121126174927,0.22163987159729,0.249124050140381,0.271049976348877,0.237390995025635,0.229180812835693,0.239944219589233,0.255434989929199,0.246383905410767,0.25065803527832,0.197097063064575,0.394346952438354,0.231472015380859,0.205935955047607,0.40419602394104,0.260485887527466,0.24125599861145,0.249497890472412,0.227041006088257,0.238641023635864,0.213597059249878,0.249018907546997,0.272163867950439,0.239618062973022,0.409312009811401,0.225421905517578,0.270755052566528,0.2451491355896,0.271490097045898,0.304502010345459,0.221910953521729,0.245283126831055,0.220992088317871,0.229199171066284,0.238806009292603,0.260066032409668,0.413809776306152,0.251118898391724,0.523205995559692,0.205458164215088,0.243495941162109,0.237701177597046,0.248766183853149,0.254877090454102,0.172606945037842,0.414339065551758,0.25455904006958,0.250505924224854,0.249361991882324,0.207798957824707,0.228559970855713,0.529810905456543,0.25403904914856,0.237504005432129,0.281843900680542,0.237236022949219,0.223093032836914,0.223062038421631,0.228377103805542,0.231952905654907,0.211731910705566,0.210975885391235,0.244339942932129,0.343639135360718,0.255699872970581,0.536009073257446,0.253373146057129,0.152899980545044,0.128861904144287,0.237730026245117,0.259814023971558,0.171832084655762,0.485276937484741
a9e6e,0.372962951660156,0.240735054016113,0.304877042770386,0.310511827468872,0.308056116104126,0.341958999633789,0.262346029281616,0.241971015930176,0.320594072341919,0.263329029083252,0.292160034179688,0.259635210037231,0.256391048431396,0.260236024856567,0.279829978942871,0.254548072814941,0.25833797454834,0.417264223098755,0.278119087219238,0.278439998626709,0.263731002807617,0.272595167160034,0.254350900650024,0.317757844924927,0.271903991699219,0.274352073669434,0.205487966537476,0.29466986656189,0.261502027511597,0.30787205696106,0.25688099861145,0.346502780914307,0.275535821914673,0.38557505607605,0.27739405632019,0.253750085830688,0.262923002243042,0.242573022842407,0.273033142089844,0.263779878616333,0.261003971099854,0.303409099578857,0.247678995132446,0.336034774780273,0.252379179000854,0.337571859359741,0.310545921325684,0.303318977355957,0.345216989517212,0.221577882766724,0.436150789260864,0.254229068756104,0.260995864868164,0.28679895401001,0.282177925109863,0.256903171539307,0.252923011779785,0.279868125915527,0.348258018493652,0.304779052734375,0.258785009384155,0.304716110229492,0.303667068481445,0.281147956848145,0.468451023101807,0.254974842071533,0.40486216545105,0.25541877746582,0.285568952560425,0.294787168502808,0.255112886428833,0.273489952087402,0.374240875244141,0.318125009536743,0.421602010726929,0.461320877075195,0.277638912200928,0.278728008270264,0.282098770141602,0.352602005004883,0.282495975494385,0.284381866455078,0.260280847549438,0.259809017181396,0.35136890411377,0.324887037277222,0.256839036941528,0.403389930725098,0.259624004364014,0.249150991439819,0.277645111083984,0.27159309387207,0.24755597114563,0.404377937316895,0.276839971542358,0.307305812835693,0.260045051574707,0.286834001541138,0.403586149215698,0.370630979537964,0.263198137283325,0.270843029022217,0.25662899017334,0.253130912780762,0.273994922637939,0.263150930404663,0.274733066558838,0.29329514503479,0.315046072006226,0.283760070800781,0.271100997924805,0.274423122406006,0.257033824920654,0.260252952575684,0.0292301177978516,0.337767124176025,0.269847869873047,0.275407075881958,0.391497135162354,0.540488004684448,0.282841920852661,0.238667011260986,0.293150186538696,0.261675834655762,0.306613922119141,0.245227098464966,0.261873960494995,0.243530988693237,0.28422212600708,0.273473024368286,0.242553949356079,0.278171062469482,0.252789974212646,0.264500141143799,0.286434173583984,0.20913290977478,0.242800951004028,0.26140284538269,0.297437191009521,0.27100396156311,0.249157905578613,0.24514102935791,0.252207040786743,0.257863998413086,0.242199897766113,0.491482973098755,0.245301008224487,0.248468160629272,0.370343923568726,0.286094188690186,0.330215930938721,0.238635063171387,0.256865978240967,0.283951997756958,0.271839141845703,0.276931047439575,0.260136127471924,0.263000011444092,0.24648118019104,0.308061122894287,0.273210048675537,0.271430969238281,0.278105974197388,0.353986024856567,0.281304121017456,0.260850191116333,0.272172927856445,0.274273872375488,0.271090030670166,0.272237062454224,0.261953830718994,0.258312940597534,0.304120063781738,0.273961782455444,0.274625062942505,0.311963796615601,0.261290073394775,0.251789093017578,0.297339916229248,0.273383855819702,0.271221876144409,0.273576974868774,0.265228986740112,0.26963210105896,0.238906860351562,0.27583909034729,0.240411043167114,0.176084995269775,0.341375112533569,0.317857980728149,0.315921068191528,0.435878992080688,0.361922025680542,0.25826621055603,0.23810887336731,0.258985996246338,0.251788854598999,0.273349046707153,0.261141061782837,0.379951000213623,0.272140979766846,0.283434152603149,0.309704065322876,0.255722045898438,0.256042003631592,0.261959075927734,0.224447965621948,0.286936044692993,0.244615077972412,0.276153087615967,0.576237201690674,0.145617008209229,0.259763956069946,0.476960897445679
b422c,0.27686595916748,0.270264148712158,0.286140918731689,0.257367849349976,0.31531286239624,0.271305084228516,0.222737073898315,0.272217035293579,0.286311864852905,0.284984111785889,0.270894050598145,0.321160078048706,0.276373147964478,0.277321100234985,0.27238917350769,0.258602142333984,0.220038890838623,0.274497985839844,0.173787117004395,0.277621984481812,0.274475812911987,0.241658926010132,0.264379024505615,0.271819114685059,0.259319067001343,0.214364051818848,0.279973983764648,0.211982011795044,0.273457050323486,0.229974031448364,0.320194959640503,0.306988000869751,0.271108150482178,0.305029153823853,0.237803936004639,0.419388055801392,0.336958169937134,0.283939838409424,0.264429807662964,0.279066801071167,0.317446947097778,0.522506952285767,0.28451681137085,0.271298170089722,0.240010976791382,0.280786037445068,0.283845901489258,0.276187896728516,0.306838035583496,0.316205978393555,0.4372718334198,0.285457849502563,0.222177982330322,0.295292854309082,0.326473951339722,0.273291110992432,0.381535053253174,0.206453084945679,0.240829944610596,0.477071046829224,0.34436297416687,0.273576021194458,0.276080131530762,0.221836090087891,0.255067825317383,0.282007932662964,0.254096984863281,0.22330904006958,0.173784017562866,0.243524074554443,0.261003971099854,0.206895112991333,0.270589113235474,0.245012044906616,0.248383045196533,0.289772987365723,0.304754018783569,0.25078296661377,0.230075836181641,0.239367961883545,0.271579027175903,0.280789852142334,0.257545948028564,0.191277027130127,0.281162023544312,0.277376174926758,0.251632213592529,0.337399005889893,0.375703096389771,0.253474950790405,0.258294105529785,0.25246000289917,0.304435014724731,0.271726131439209,0.271185874938965,0.239133834838867,0.207223892211914,0.261491060256958,0.370658874511719,0.206015825271606,0.216478109359741,0.387596845626831,0.260981798171997,0.263952970504761,0.517997026443481,0.275848150253296,0.271974086761475,0.271575927734375,0.306419134140015,0.222316026687622,0.220461130142212,0.254962921142578,0.249504089355469,0.24564003944397,0.252842903137207,0.471417188644409,0.256638050079346,0.272487163543701,0.252989053726196,0.26137113571167,0.260772943496704,0.311661958694458,0.207874059677124,0.256853103637695,0.205472946166992,0.246612787246704,0.205972909927368,0.245959043502808,0.272002935409546,0.271791934967041,0.208851099014282,0.148977994918823,0.240919828414917,0.27283501625061,0.21080493927002,0.222904205322266,0.19886302947998,0.205513000488281,0.262503147125244,0.320662975311279,0.249089956283569,0.243894100189209,0.163022994995117,0.172159910202026,0.203656196594238,0.207515001296997,0.212653875350952,0.26124906539917,0.231759071350098,0.222395181655884,0.215246915817261,0.21071982383728,0.261314868927002,0.339854001998901,0.297689199447632,0.248930931091309,0.214845180511475,0.37834095954895,0.229225158691406,0.26256799697876,0.237591981887817,0.172559976577759,0.206326961517334,0.155062913894653,0.244559049606323,0.20851993560791,0.239134073257446,0.216474056243896,0.215989828109741,0.214488983154297,0.214591979980469,0.186115026473999,0.214824914932251,0.251264810562134,0.536329984664917,0.18694019317627,0.24402904510498,0.217432975769043,0.207343816757202,0.238921165466309,0.208988904953003,0.214405059814453,0.237665891647339,0.248800992965698,0.204462766647339,0.219815015792847,0.238364934921265,0.160889148712158,0.237698078155518,0.285116195678711,0.250050067901611,0.2444748878479,0.283321142196655,0.238316059112549,0.276143074035645,0.247668981552124,0.242047071456909,0.238539934158325,0.245842933654785,0.25620698928833,0.249047994613647,0.211780071258545,0.238945960998535,0.230791091918945,0.196584939956665,0.536329984664917,0.326717853546143
b4a6f,0.337503910064697,0.33830189704895,0.238571882247925,0.242805957794189,0.345231056213379,0.396679878234863,0.335718154907227,0.284838914871216,0.313906908035278,0.328620910644531,0.281451225280762,0.208385944366455,0.273950815200806,0.303944110870361,0.304517984390259,0.314862012863159,0.270903825759888,0.260871887207031,0.308232069015503,0.336400032043457,0.330366134643555,0.349562883377075,0.313055038452148,0.258029937744141,0.221107006072998,0.520220994949341,0.273519039154053,0.281100034713745,0.281178951263428,0.375659942626953,0.382223844528198,0.209373950958252,0.283659934997559,0.274469137191772,0.309390068054199,0.328578948974609,0.270413875579834,0.246546983718872,0.33810019493103,0.329015970230103,0.381872892379761,0.403631925582886,0.306182861328125,0.237549781799316,0.392541170120239,0.22777795791626,0.258667945861816,0.271058082580566,0.259140014648438,0.377055883407593,0.255449056625366,0.502307891845703,0.271867990493774,0.323292016983032,0.323823928833008,0.281115055084229,0.27182412147522,0.370994091033936,0.376850128173828,0.261039018630981,0.271845102310181,0.287192821502686,0.315051078796387,0.275500059127808,0.25778603553772,0.259554147720337,0.274783134460449,0.261602163314819,0.271133899688721,0.273853063583374,0.276432991027832,0.374127864837646,0.369441032409668,0.261250019073486,0.337727785110474,0.289070844650269,0.316378116607666,0.305883884429932,0.258822917938232,0.37296199798584,0.252379894256592,0.305318117141724,0.28714394569397,0.251165151596069,0.27538800239563,0.255661964416504,0.295140027999878,0.280034065246582,0.248548030853271,0.345886945724487,0.281471967697144,0.253726005554199,0.430636882781982,0.289618968963623,0.261561155319214,0.341501951217651,0.273807048797607,0.336988925933838,0.229590892791748,0.372864961624146,0.255841016769409,0.252774000167847,0.231499910354614,0.314870834350586,0.258701801300049,0.257138013839722,0.238809108734131,0.238467931747437,0.305519819259644,0.218788146972656,0.212541103363037,0.272233009338379,0.354488134384155,0.221832036972046,0.280176162719727,0.255254983901978,0.271981000900269,0.274014949798584,0.274485111236572,0.247741937637329,0.312726974487305,0.306818962097168,0.253461122512817,0.271850824356079,0.271324157714844,0.230111837387085,0.25418496131897,0.246058940887451,0.29029393196106,0.245218992233276,0.255463123321533,0.468991041183472,0.223355054855347,0.260267019271851,0.273489952087402,0.258493900299072,0.339375972747803,0.31692099571228,0.275789976119995,0.26195502281189,0.259482860565186,0.0261950492858887,0.223762035369873,0.278914928436279,0.285701036453247,0.287290811538696,0.238116979598999,0.00843596458435059,0.223795890808105,0.356178998947144,0.193927049636841,0.280438899993896,0.310840845108032,0.209725856781006,0.341316938400269,0.225965023040771,0.222965955734253,0.253257989883423,0.248655080795288,0.239206075668335,0.256778001785278,0.272120952606201,0.220092058181763,0.217748880386353,0.263235807418823,0.226289987564087,0.220371961593628,0.272094011306763,0.306663990020752,0.318296194076538,0.227530002593994,0.275642156600952,0.238435983657837,0.355370998382568,0.282624006271362,0.256299018859863,0.371791124343872,0.262025117874146,0.215909004211426,0.227842092514038,0.216023921966553,0.280817031860352,0.355304002761841,0.237925052642822,0.404206037521362,0.37041711807251,0.284621000289917,0.217083930969238,0.451389789581299,0.249635219573975,0.244751930236816,0.222989082336426
b608f,0.33953595161438,0.324077844619751,0.337839841842651,0.310019016265869,0.456895112991333,0.376309871673584,0.305705070495605,0.285892963409424,0.292809963226318,0.303663015365601,0.308533906936646,0.326724052429199,0.327207803726196,0.309094905853271,0.306390047073364,0.371405124664307,0.309480905532837,0.317268133163452,0.295680999755859,0.294223070144653,0.303797006607056,0.337118864059448,0.309004068374634,0.308588981628418,0.283838987350464,0.289118051528931,0.323554039001465,0.307140111923218,0.295941829681396,0.319536924362183,0.338289976119995,0.2758629322052,0.308170080184937,0.295187950134277,0.314151048660278,0.309350967407227,0.293363094329834,0.282581090927124,0.30377197265625,0.271502017974854,0.312491178512573,0.277423858642578,0.316177129745483,0.3261559009552,0.277843952178955,0.318026065826416,0.30803394317627,0.29049015045166,0.337209939956665,0.305069923400879,0.338392019271851,0.387695789337158,0.324146032333374,0.336806058883667,0.338320016860962,0.0917530059814453,0.323015928268433,0.307178974151611,0.324360132217407,0.358868837356567,0.326730966567993,0.305324077606201,0.305133104324341,0.3471519947052,0.314475059509277,0.318511009216309,0.310328960418701,0.341550827026367,0.372174978256226,0.284620046615601,0.309408903121948,0.294761896133423,0.526437997817993,0.338619947433472,0.393988847732544,0.318285942077637,0.295204162597656,0.295185089111328,0.337953090667725,0.344743967056274,0.317284107208252,0.296105861663818,0.407936096191406,0.28559398651123,0.30525803565979,0.350695848464966,0.305495977401733,0.349991083145142,0.339982986450195,0.405350923538208,0.342954158782959,0.339282989501953,0.305166006088257,0.285387992858887,0.370863199234009,0.295811176300049,0.0218539237976074,0.321969032287598,0.311462879180908,0.296607971191406,0.285798788070679,0.453255891799927,0.32633900642395,0.369198083877563,0.305450916290283,0.337150096893311,0.321105003356934,0.407506942749023,0.338001012802124,0.303040981292725,0.307994842529297,0.403739929199219,0.308906078338623,0.340657949447632,0.330104112625122,0.287130117416382,0.327116012573242,0.3365318775177,0.313014984130859,0.353311061859131,0.355128049850464,0.346107959747314,0.304423093795776,0.408015012741089,0.326179027557373,0.325543880462646,0.305356979370117,0.319088935852051,0.305033922195435,0.304819107055664,0.344682931900024,0.316304922103882,0.305352926254272,0.338618040084839,0.314927101135254,0.349878072738647,0.357406854629517,0.317637920379639,0.382755994796753,0.27236008644104,0.314604043960571,0.345839977264404,0.346463918685913,0.272001981735229,0.319960832595825,0.303781032562256,0.338541030883789,0.342528820037842,0.382251977920532,0.321455001831055,0.339435815811157,0.319653034210205,0.327340126037598,0.370153903961182,0.205022096633911,0.307904958724976,0.327364921569824,0.304886102676392,0.289524078369141,0.325875043869019,0.517784833908081,0.283623933792114,0.286588907241821,0.224858045578003,0.271833896636963,0.325811147689819,0.330802917480469,0.337867021560669,0.303608894348145,0.22052001953125,0.318467140197754,0.32397198677063,0.410656929016113,0.325631141662598,0.314606904983521,0.324048042297363,0.304399013519287,0.3368980884552,0.30504298210144,0.274842977523804,0.279160976409912,0.341126918792725,0.271268844604492,0.318238973617554,0.324992179870605,0.350342035293579,0.325381994247437,0.262501955032349
bd801,0.303633213043213,0.221695184707642,0.264845132827759,0.223122119903564,0.273319959640503,0.249040126800537,0.279603004455566,0.23924994468689,0.279546976089478,0.272022008895874,0.283041954040527,0.255745887756348,0.219496965408325,0.251821041107178,0.241030931472778,0.245694875717163,0.241997003555298,0.241004943847656,0.248388051986694,0.239352941513062,0.276525974273682,0.219238996505737,0.304995775222778,0.256608963012695,0.248121023178101,0.243627071380615,0.252852916717529,0.30472993850708,0.272236108779907,0.24885106086731,0.272573947906494,0.275891065597534,0.245075941085815,0.272562026977539,0.28904914855957,0.243451118469238,0.226973056793213,0.305305957794189,0.139365911483765,0.251656055450439,0.276290893554688,0.47327995300293,0.316004037857056,0.273994922637939,0.306143999099731,0.210253953933716,0.226846933364868,0.239659070968628,0.249818086624146,0.272339105606079,0.295795917510986,0.259911060333252,0.273396015167236,0.249544858932495,0.25445818901062,0.238718032836914,0.276211977005005,0.258774995803833,0.23932409286499,0.239775896072388,0.253645896911621,0.249018907546997,0.255837917327881,0.257745981216431,0.282784938812256,0.276063203811646,0.259055137634277,0.209701061248779,0.247437000274658,0.237802982330322,0.254435777664185,0.208526134490967,0.225234031677246,0.337178945541382,0.253859043121338,0.259994983673096,0.237360954284668,0.228759050369263,0.271342039108276,0.228790044784546,0.259145021438599,0.191638946533203,0.270564079284668,0.237909078598022,0.227794885635376,0.190922021865845,0.254201173782349,0.291102886199951,0.258239984512329,0.205116033554077,0.228140115737915,0.215462923049927,0.381257057189941,0.277166128158569,0.250321865081787,0.250684022903442,0.205245018005371,0.295660972595215,0.252943992614746,0.281507968902588,0.306175947189331,0.275419950485229,0.237915992736816,0.20475697517395,0.239455938339233,0.28341007232666,0.0126299858093262,0.209321022033691,0.292760848999023,0.224966049194336,0.240011930465698,0.280710220336914,0.206902027130127,0.258533000946045,0.240884065628052,0.282017946243286,0.218590021133423,0.271342992782593,0.271198034286499,0.247905969619751,0.280045986175537,0.241158962249756,0.220481872558594,0.106116056442261,0.230786800384521,0.239423990249634,0.27131199836731,0.106917858123779,0.258126974105835,0.406244039535522,0.302870035171509,0.288020133972168,0.250216960906982,0.279232978820801,0.295471906661987,0.282578945159912,0.210319042205811,0.211018085479736,0.238674879074097,0.258764028549194,0.282865047454834,0.246210098266602,0.218849897384644,0.22133207321167,0.321787118911743,0.222614049911499,0.259520053863525,0.23807692527771,0.257355928421021,0.25108003616333,0.226978063583374,0.246364831924438,0.253523111343384,0.271289110183716,0.304816961288452,0.295113086700439,0.305272102355957,0.305356025695801,0.224300146102905,0.227930068969727,0.240145921707153,0.239029884338379,0.403666019439697,0.270896196365356,0.254438877105713,0.214021921157837,0.271615028381348,0.193974018096924,0.259984970092773,0.24367094039917,0.257418870925903,0.240113973617554,0.273687839508057,0.245484113693237,0.271059036254883,0.219385862350464,0.22291898727417,0.186269998550415,0.220043897628784,0.306901931762695,0.223601102828979,0.240622997283936,0.272367000579834,0.226054191589355,0.271996974945068,0.278576850891113,0.262027025222778,0.227307081222534,0.258970022201538,0.244500875473022,0.245694875717163,0.247895956039429,0.239784002304077,0.315769910812378,0.237839221954346,0.242211103439331,0.191873073577881,0.237874031066895,0.275068998336792,0.315848112106323,0.20612096786499,0.237653017044067,0.291608810424805,0.24372410774231,0.274135828018188,0.2812819480896,0.249001026153564,0.306148052215576,0.240530014038086
c39a8,0.221875190734863,0.227401971817017,0.24767804145813,0.227951049804688,0.212882041931152,0.263334035873413,0.254596948623657,0.292930126190186,0.218746185302734,0.239738941192627,0.228482961654663,0.227641820907593,0.305434942245483,0.222570180892944,0.263657808303833,0.23886513710022,0.215593814849854,0.149274110794067,0.175827980041504,0.140177011489868,0.216970920562744,0.308395862579346,0.24761700630188,0.260071039199829,0.217797994613647,0.209508180618286,0.172315835952759,0.238996982574463,0.231656074523926,0.147161960601807,0.207295894622803,0.240636825561523,0.258538007736206,0.223643779754639,0.23826789855957,0.306513071060181,0.238012075424194,0.219424962997437,0.213812828063965,0.212409973144531,0.21813702583313,0.22782301902771,0.2218918800354,0.215185880661011,0.195550918579102,0.229143142700195,0.425812005996704,0.215219974517822,0.215317010879517,0.216616153717041,0.225347995758057,0.274178981781006,0.238025188446045,0.21537709236145,0.215089082717896,0.247068166732788,0.259328842163086,0.215450048446655,0.106217861175537,0.223633050918579,0.21171498298645,0.218402147293091,0.240262031555176,0.211334943771362,0.22527003288269,0.21882700920105,0.239207029342651,0.216351985931396,0.5469970703125,0.264392137527466,0.225053071975708,0.239825010299683,0.238260984420776,0.206768989562988,0.294836044311523,0.205811977386475,0.254572153091431,0.28326416015625,0.224893093109131,0.214830875396729,0.227282047271729,0.220727920532227,0.256644010543823,0.208133935928345,0.221415042877197,0.229864120483398,0.247138023376465,0.224452018737793,0.259475946426392,0.227828025817871,0.340342998504639,0.216266870498657,0.219475984573364,0.282392024993896,0.239804983139038,0.227558851242065,0.209920167922974,0.318698883056641,0.249497175216675,0.213163137435913,0.208668947219849,0.215531826019287,0.217289924621582,0.223639011383057,0.116111993789673,0.222801208496094,0.225543975830078,0.160723924636841,0.132343053817749,0.221451997756958,0.204658985137939,0.239371061325073,0.259771108627319,0.22050404548645,0.222194910049438,0.453881978988647,0.271979093551636,0.205969095230103,0.219387054443359,0.224109888076782,0.241455078125,0.227615118026733,0.21613597869873,0.211770057678223,0.220557928085327,0.238351106643677,0.287092924118042,0.227372169494629,0.239237070083618,0.239183902740479,0.205927133560181,0.217971086502075,0.218817949295044,0.216153144836426,0.205613136291504,0.208433151245117,0.238082885742188,0.231021165847778,0.205736875534058,0.172554016113281,0.212450981140137,0.225374937057495,0.204621076583862,0.564959049224854,0.216299057006836,0.226125001907349,0.213326930999756,0.215359210968018,0.237446069717407,0.27331805229187,0.244729042053223,0.224577188491821,0.212600946426392,0.238400936126709,0.227253913879395,0.421347141265869,0.209661960601807,0.206055879592896,0.239461898803711,0.252341032028198,0.215617179870605,0.238387107849121,0.212479829788208,0.213559150695801,0.215959072113037,0.217270135879517,0.225720882415771,0.239048004150391,0.217298030853271,0.507169961929321,0.237511873245239,0.208271026611328,0.231489896774292,0.223474979400635,0.244202852249146,0.219393968582153,0.218703031539917,0.219037055969238,0.239131927490234,0.214917898178101,0.212236166000366,0.220471143722534,0.216585874557495,0.163311958312988,0.248240947723389,0.209787130355835,0.206216096878052,0.210945129394531,0.214972019195557,0.2117760181427,0.213082075119019,0.228923082351685,0.22456693649292,0.226829051971436,0.249651908874512,0.220116138458252,0.225697040557861,0.216150999069214,0.214260101318359,0.271781921386719,0.225574016571045,0.229751825332642,0.237504959106445
d17cc,0.290276050567627,0.347445964813232,0.277038812637329,0.250345945358276,0.256578922271729,0.264878034591675,0.250895977020264,0.278841972351074,0.258016109466553,0.254806995391846,0.26284122467041,0.22236704826355,0.229640007019043,0.251224040985107,0.246852159500122,0.176620006561279,0.275961875915527,0.271351099014282,0.291018009185791,0.240138053894043,0.205382108688354,0.263967037200928,0.358948945999146,0.294134140014648,0.42682409286499,0.338329792022705,0.304400205612183,0.514503002166748,0.248775959014893,0.297297954559326,0.385431051254272,0.271826982498169,0.304038047790527,0.503512144088745,0.519852876663208,0.469696998596191,0.271355867385864,0.295056104660034,0.24922513961792,0.262358903884888,0.239135980606079,0.248686075210571,0.309126853942871,0.277175188064575,0.439908981323242,0.488374948501587,0.324820041656494,0.29423999786377,0.532620906829834,0.276346921920776,0.439095973968506,0.320607900619507,0.253567934036255,0.308257102966309,0.519234180450439,0.307524919509888,0.240360975265503,0.35650110244751,0.257269859313965,0.224424123764038,0.263451099395752,0.227914094924927,0.276937961578369,0.272157907485962,0.246093988418579,0.502171039581299,0.271370887756348,0.279894113540649,0.239970922470093,0.318727016448975,0.305896043777466,0.297473192214966,0.222254991531372,0.25705885887146,0.291872978210449,0.28012490272522,0.205904006958008,0.288692951202393,0.287468910217285,0.263051986694336,0.376705169677734,0.327739953994751,0.253472089767456,0.371114015579224,0.248539924621582,0.290235996246338,0.30469012260437,0.274618864059448,0.470505952835083,0.419313907623291,0.274199962615967,0.272433996200562,0.271137952804565,0.441096067428589,0.321481943130493,0.24158501625061,0.285119771957397,0.317522048950195,0.318516969680786,0.380393028259277,0.261350870132446,0.281013011932373,0.345463991165161,0.473132133483887,0.281570196151733
d4912,0.341262817382812,0.308313131332397,0.325607061386108,0.275082111358643,0.304406881332397,0.256599903106689,0.238929986953735,0.27226185798645,0.271065950393677,0.251769065856934,0.228188991546631,0.261075973510742,0.256695985794067,0.30848503112793,0.247247219085693,0.221767902374268,0.24784517288208,0.238740921020508,0.247152090072632,0.182567834854126,0.2723228931427,0.219475030899048,0.247967004776001,0.241225957870483,0.237383127212524,0.217409133911133,0.256144046783447,0.271787881851196,0.28304386138916,0.229512929916382,0.28256893157959,0.246051073074341,0.271269083023071,0.274109840393066,0.272274017333984,0.270775079727173,0.27112889289856,0.275155067443848,0.206682920455933,0.274383783340454,0.279182910919189,0.251413106918335,0.279189825057983,0.239431142807007,0.254615783691406,0.263281106948853,0.252882957458496,0.248101949691772,0.176503896713257,0.290537118911743,0.261356115341187,0.239897966384888,0.245311975479126,0.251976013183594,0.248823165893555,0.257640838623047,0.371484994888306,0.212034940719604,0.244451999664307,0.244493007659912,0.283509016036987,0.281572103500366,0.244355916976929,0.260555982589722,0.276129007339478,0.254777193069458,0.227447986602783,0.242164850234985,0.248022079467773,0.271239995956421,0.221752882003784,0.253489971160889,0.270348072052002,0.278568983078003,0.222174882888794,0.255759954452515,0.259990215301514,0.296222925186157,0.254712104797363,0.20618200302124,0.242247104644775,0.271512031555176,0.205445051193237,0.241096019744873,0.272166967391968,0.218642950057983,0.24382495880127,0.00730800628662109,0.246113061904907,0.230455160140991,0.245965003967285,0.251762866973877,0.238193988800049,0.259121179580688,0.252752065658569,0.237813949584961,0.232071161270142,0.158989906311035,0.237231016159058,0.466500997543335,0.253287076950073,0.258679151535034,0.140053033828735,0.25430703163147,0.209414005279541,0.254785060882568,0.237669944763184,0.209504842758179,0.214529991149902,0.271523952484131,0.263451814651489,0.205203056335449,0.271207094192505,0.259327173233032,0.248464107513428,0.248138189315796,0.245558023452759,0.24774694442749,0.206019163131714,0.251828193664551,0.256324052810669,0.270928144454956,0.198717832565308,0.221592903137207,0.27213191986084,0.291234016418457,0.257009983062744,0.205312967300415,0.248210906982422,0.262058019638062,0.249736070632935,0.277045965194702,0.272382974624634,0.229022979736328,0.264636993408203,0.273065090179443,0.271434783935547,0.206941843032837,0.227046966552734,0.226355075836182,0.254482984542847,0.251364946365356,0.258004903793335,0.283041954040527,0.239692211151123,0.259380102157593,0.281363010406494,0.263861894607544,0.239573001861572,0.221946954727173,0.211647987365723,0.205226182937622,0.25088095664978,0.238659143447876,0.245958089828491,0.229079008102417,0.238599061965942,0.258217811584473,0.29025411605835,0.259651899337769,0.230190992355347,0.3717041015625,0.271349906921387,0.272184133529663,0.225327014923096,0.12471604347229,0.21284008026123,0.247462034225464,0.305743932723999,0.249589920043945,0.239729881286621,0.250468969345093,0.241374969482422,0.226921081542969,0.271090984344482,0.206058979034424,0.262241840362549,0.277668952941895,0.27518105506897,0.253212213516235,0.270960092544556,0.241250038146973,0.25806188583374,0.261985063552856,0.221972942352295,0.25189208984375,0.272730112075806,0.271493196487427,0.370057821273804,0.237790107727051,0.22863507270813,0.227232933044434,0.212143898010254,0.24062180519104,0.257030010223389,0.257154941558838,0.257511854171753,0.253607988357544,0.282624006271362,0.237695932388306,0.271562814712524,0.212816953659058,0.242127895355225,0.24274206161499,0.238008975982666,0.23813796043396,0.271356821060181,0.240134954452515,0.274405002593994,0.257911920547485,0.271995782852173,0.270920038223267,0.272907018661499,0.23891282081604,0.226361989974976,0.249409198760986,0.237774133682251,0.24914813041687,0.242753982543945
e1070,0.252719879150391,0.287667989730835,0.271240949630737,0.245391130447388,0.238542795181274,0.271133899688721,0.248172998428345,0.251604080200195,0.252651929855347,0.24025297164917,0.240556955337524,0.248351097106934,0.249665975570679,0.286801099777222,0.272269010543823,0.249315977096558,0.24661111831665,0.238317966461182,0.280634164810181,0.194257974624634,0.241770029067993,0.253175973892212,0.226138830184937,0.230683088302612,0.227494955062866,0.214644908905029,0.243149042129517,0.218819141387939,0.238825798034668,0.285051107406616,0.381382942199707,0.232585906982422,0.221675872802734,0.25045919418335,0.274235010147095,0.253151178359985,0.22179102897644,0.274079084396362,0.214623212814331,0.253882169723511,0.238624095916748,0.245581865310669,0.216922044754028,0.242022037506104,0.252388000488281,0.295316934585571,0.237952947616577,0.255919933319092,0.237828969955444,0.229570150375366,0.271295070648193,0.24948787689209,0.249749898910522,0.243350028991699,0.206150054931641,0.27144718170166,0.23764705657959,0.243653059005737,0.255911827087402,0.23972487449646,0.216307163238525,0.248332023620605,0.207563877105713,0.253901958465576,0.240901947021484,0.246810913085938,0.245046854019165,0.238039970397949,0.251199007034302,0.239706993103027,0.255442142486572,0.00724101066589355,0.210779905319214,0.247290134429932,0.23769211769104,0.245368003845215,0.239374876022339,0.237627029418945,0.273247003555298,0.216935873031616,0.27134895324707,0.256693124771118,0.244331836700439,0.339951038360596,0.257845163345337,0.271428823471069,0.303071022033691,0.262117147445679,0.255050182342529,0.259068012237549,0.254769086837769,0.248670101165771,0.212692022323608,0.00723409652709961,0.242501020431519,0.262129068374634,0.240357160568237,0.25216007232666,0.238524198532104,0.241269826889038,0.246922969818115,0.22434401512146,0.238447904586792,0.208412170410156,0.254345893859863,0.271934986114502,0.255320072174072,0.197518825531006,0.249889850616455,0.261169910430908,0.240543127059937,0.23881196975708,0.218900918960571,0.252304077148438,0.240490198135376,0.238347053527832,0.251884937286377,0.272010087966919,0.242647886276245,0.215579986572266,0.256566047668457,0.227272033691406,0.271181106567383,0.245325088500977,0.24884295463562,0.250052928924561,0.219774007797241,0.205919027328491,0.210961103439331,0.264544010162354,0.204919099807739,0.221837043762207,0.214612007141113,0.276638984680176,0.238714933395386,0.207267045974731,0.410818099975586,0.270473957061768,0.228951215744019,0.272418975830078,0.252954006195068,0.2413489818573,0.238579034805298,0.238558053970337,0.272467851638794,0.228949069976807,0.25014591217041,0.207235097885132,0.210920095443726,0.2116379737854,0.237448930740356,0.244133949279785,0.238868951797485,0.249335050582886,0.247727870941162,0.26126503944397,0.229449033737183,0.238390922546387,0.243483781814575,0.238212108612061,0.242141008377075,0.256584167480469,0.247347116470337,0.451368093490601,0.240352153778076,0.230494976043701,0.20672607421875,0.215744018554688,0.240301132202148,0.223942995071411,0.312351942062378,0.278768062591553,0.223494052886963,0.271676063537598,0.238245010375977,0.275014877319336,0.25728702545166,0.236972808837891,0.250426054000854,0.257008075714111,0.230002880096436,0.237935066223145,0.274147033691406,0.27205491065979,0.282680034637451,0.24211597442627,0.251032114028931,0.27277398109436,0.249962091445923,0.273576021194458,0.250041007995605,0.24686598777771,0.248489141464233,0.240421056747437,0.468752861022949,0.272892951965332,0.255486011505127,0.252880811691284,0.283257961273193,0.240319013595581,0.247988939285278,0.244101047515869,0.241044044494629,0.272589921951294,0.258064985275269,0.225844144821167,0.272487878799438,0.257044792175293,0.274767875671387,0.275997161865234,0.229273080825806,0.24694299697876,0.238369941711426,0.243776082992554,0.304633855819702,0.244668960571289,0.250360012054443,0.243551969528198,0.212532043457031,0.24001407623291,0.416891813278198,0.244554042816162,0.241132020950317,0.257528066635132,0.287714004516602,0.227547168731689,0.245377063751221,0.257519006729126,0.252913951873779,0.256464958190918
e35da,0.0841680000000053,0.130066000000014,0.103636999999992,0.101826000000003,0.113674000000003,0.101815000000002,0.116340999999991,0.115382000000011,0.100543999999985,0.101301000000007,0.115704999999991,0.101580000000013,0.0963399999999979,0.101866999999999,0.0884360000000015,0.102346000000011,0.139941999999991,0.103106999999994,0.10189299999999,0.13515799999999,0.102730000000008,0.111921999999993,0.11781000000002,0.108101000000005,0.102633000000026,0.102809999999977,0.140520999999978,0.11526299999997,0.10242199999999,0.104009000000019,0.12885799999998,0.102536999999984,0.110088000000019,0.206938999999977,0.0889369999999872,0.111174000000005,0.0845190000000002,0.0889470000000188,0.102829999999983,0.101756000000023,0.109966999999983,0.114742999999976,0.0891980000000103,0.102174999999988,0.0897559999999658,0.109989999999925,0.0974949999999808,0.0887099999999919,0.100929999999948,0.112481000000002,0.140192999999954,0.10172,0.101072000000045,0.0886930000000348,0.179785999999922,0.0987900000000081,0.0913249999999834,0.0899080000000367,0.114082000000053,0.0894980000000487,0.166915999999901,0.114886999999953,0.0894289999999955,0.10134400000004,0.101623000000018,0.0966280000000097,0.0333020000000488,0.0902419999999893,0.101515000000063,0.108321000000046,0.089719999999943,0.0711759999999231,0.0887240000000702,0.0890160000000151,0.0876589999999169,0.10144600000001,0.0883189999999558,0.0876379999999699,0.0896840000000338,0.115357999999901,0.0977890000000343,0.0720989999999802,0.0879770000000235,0.0962429999999586,0.0895309999999654,0.0888449999999921,0.0896000000000186,0.0875780000000077,0.0910910000000058,0.0762459999999692,0.0900789999999461,0.0906360000000177,0.100949000000014,0.0880730000000085,0.0901029999999992,0.0889399999999796,0.101186999999982,0.089136999999937,0.0896999999999935,0.0767720000000054,0.101885999999922,0.0864070000000083,0.0883750000000418,0.0888210000000527,0.101454000000103,0.089429999999993,0.103488999999854,0.088463000000047,0.0976450000000568,0.0965780000001359,0.0886360000001787,0.101859000000104,0.0898010000000795,0.100533000000041,0.0880750000001171,0.101472999999942,0.089001000000053,0.0895590000000084,0.0971240000001217,0.100757000000158,0.0890240000001086,0.088942999999972,0.0895780000000741,0.0997339999998985,0.0884429999998702,0.0893429999998716,0.10269100000005,0.100533000000041,0.0896929999998974,0.0912539999999353,0.0889249999997901,0.0982289999999466,0.0882550000001174,0.0971950000000561,0.0884289999999055,0.0979099999999562,0.101508999999851,0.0891940000001341,0.0202690000000985,0.149862999999868,0.0597980000000007,0.0714829999999438,0.0911069999999654,0.0976190000001225
